,usd_por_unidad
2013-01-10,0.8442000404940271
2013-01-22,0.84
2013-01-23,0.8410999194198228
2013-01-24,0.8376999798508965
2013-01-25,0.8355001007049346
2013-01-28,0.8309000201166767
2013-01-29,0.8374999999999999
2013-01-30,0.8316000401767779
2013-02-01,0.8462
2013-02-04,0.845399959863536
2013-02-05,0.8452999598715891
2013-02-06,0.8425001002606777
2013-02-07,0.8313999999999999
2013-02-08,0.8341999599679744
2013-02-13,0.8412000399680256
2013-02-14,0.8469000799360512
2013-02-15,0.8450999800439034
2013-02-18,0.845300079649542
2013-02-19,0.848199920350458
2013-02-21,0.8346999403459933
2013-02-22,0.8381
2013-02-25,0.8387999602701629
2013-02-26,0.825799920603414
2013-02-27,0.8231999999999999
2013-02-28,0.8276999603646451
2013-03-01,0.8255000990295108
2013-03-04,0.8232000395726158
2013-03-05,0.8298000790982795
2013-03-06,0.8281999604821181
2013-03-07,0.8273999604977287
2013-03-08,0.8194
2013-03-11,0.8259000985221674
2013-03-12,0.825399960614415
2013-03-13,0.8257000000000001
2013-03-14,0.821300098328417
2013-03-15,0.8268000785545956
2013-03-18,0.8251999607535321
2013-03-19,0.8233000392464678
2013-03-20,0.8237000981354269
2013-03-21,0.832
2013-03-22,0.8361000000000001
2013-03-25,0.8351999609069587
2013-03-26,0.8373999999999999
2013-03-27,0.8361999219055056
2013-04-03,0.8422
2013-04-04,0.8420999220880405
2013-04-05,0.8420999220880405
2013-04-08,0.8457999220728619
2013-04-09,0.852199922133541
2013-04-10,0.8570000000000001
2013-04-11,0.8633000194439043
2013-04-12,0.8578999805787532
2013-04-15,0.8451999223602484
2013-04-16,0.8503000969932104
2013-04-17,0.8438000387897596
2013-04-18,0.8421000193836016
2013-04-19,0.8435999225406662
2013-04-22,0.8405000967679505
2013-04-23,0.8404000386697604
2013-04-24,0.8458
2013-04-25,0.8526999806688575
2013-04-26,0.849
2013-04-29,0.8569000000000001
2013-04-30,0.8568999421631001
2013-05-02,0.8503000192566917
2013-05-03,0.8535999230621273
2013-05-06,0.8517000768049156
2013-05-07,0.8452
2013-05-08,0.8392000383582661
2013-05-09,0.8422999425397434
2013-05-10,0.8308999808758846
2013-05-13,0.8240000000000001
2013-05-14,0.8198
2013-05-15,0.8217999235620104
2013-05-16,0.8183999617810053
2013-05-17,0.8081000763941941
2013-05-20,0.8164
2013-05-21,0.8171000381097562
2013-05-22,0.8067000951474785
2013-05-23,0.81439996199886
2013-05-24,0.8081999620205089
2013-05-27,0.8084
2013-05-28,0.8095000000000001
2013-05-29,0.8126999620924943
2013-05-30,0.8079999999999999
2013-05-31,0.7964000757002272
2013-06-03,0.8107000189143182
2013-06-04,0.7976999432785026
2013-06-05,0.7936000756000755
2013-06-06,0.8023999245425392
2013-06-07,0.7874
2013-06-10,0.7902
2013-06-11,0.7853
2013-06-12,0.7978999623918767
2013-06-13,0.8038999436831237
2013-06-14,0.8055999999999999
2013-06-17,0.7998999437886453
2013-06-18,0.8009999999999999
2013-06-19,0.8022000373901664
2013-06-24,0.7759000372995152
2013-06-25,0.7738000745990302
2013-06-26,0.7787000000000001
2013-06-27,0.7781999256090757
2013-06-28,0.7742000742390497
2013-07-01,0.7810000000000001
2013-07-02,0.775200037078235
2013-07-03,0.7773999629492406
2013-07-04,0.7836999814917639
2013-07-05,0.7697000370096225
2013-07-08,0.7802999260355029
2013-07-10,0.7799999999999999
2013-07-11,0.7796999446392324
2013-07-12,0.778
2013-07-15,0.7804000736783938
2013-07-16,0.7887000919963202
2013-07-17,0.7903999999999999
2013-07-18,0.79
2013-07-19,0.7931999267667521
2013-07-22,0.7959999999999999
2013-07-23,0.798599963383376
2013-07-24,0.7920999267935577
2013-07-25,0.8075999999999999
2013-07-26,0.8083999270206167
2013-07-29,0.8018
2013-07-30,0.797399927285948
2013-07-31,0.7969000908265214
2013-08-01,0.7881999637089457
2013-08-02,0.7852
2013-08-05,0.780600072450643
2013-08-06,0.7911000361794501
2013-08-07,0.7970999999999999
2013-08-08,0.8028
2013-08-09,0.8038000721761097
2013-08-12,0.8013000720461096
2013-08-13,0.7951999280834231
2013-08-14,0.8033999640804598
2013-08-15,0.8074000716974369
2013-08-16,0.8093999284564479
2013-08-20,0.7981000893655049
2013-08-21,0.787900053542745
2013-08-22,0.7840999287495547
2013-08-23,0.7814000711237553
2013-08-26,0.7845000000000001
2013-08-27,0.7790999468367891
2013-08-28,0.7795
2013-08-29,0.7772999470058294
2013-08-30,0.7735000000000001
2013-09-03,0.7791
2013-09-04,0.7915999649245878
2013-09-05,0.7882000350938763
2013-09-06,0.8000000000000002
2013-09-09,0.8027000350631136
2013-09-10,0.8068000700280112
2013-09-11,0.8083999300821535
2013-09-12,0.8144000000000001
2013-09-13,0.8147000873362445
2013-09-16,0.8174999999999999
2013-09-17,0.8241999303378613
2013-09-18,0.8297000521648409
2013-09-19,0.8355
2013-09-20,0.8386000694323902
2013-09-23,0.8382999480159418
2013-09-24,0.8286000693120775
2013-09-25,0.8250999826719806
2013-09-26,0.8270000000000001
2013-09-27,0.8277
2013-09-30,0.8316999827377869
2013-10-01,0.8274
2013-10-02,0.8266999827675341
2013-10-03,0.8296999311768753
2013-10-04,0.8325000860141064
2013-10-07,0.8327000515375365
2013-10-08,0.8290999656475438
2013-10-09,0.8292000686931135
2013-10-10,0.8288999828443987
2013-10-11,0.8324000342935528
2013-10-15,0.8366000342583075
2013-10-16,0.8435000856017806
2013-10-17,0.8506000683643822
2013-10-18,0.8487000341646737
2013-10-21,0.8461999317639031
2013-10-22,0.8517999317755415
2013-10-23,0.8385
2013-10-24,0.8349
2013-10-25,0.8286000679578661
2013-10-28,0.829
2013-10-29,0.8239000678656261
2013-10-30,0.824500084645336
2013-10-31,0.8268000676589987
2013-11-01,0.8226000674422527
2013-11-04,0.8283999663469628
2013-11-05,0.8294
2013-11-07,0.834099932705249
2013-11-08,0.826
2013-11-11,0.8235000837100285
2013-11-12,0.8216999665327978
2013-11-13,0.8261999330767943
2013-11-14,0.8285000834863917
2013-11-15,0.8325000834028357
2013-11-18,0.8360000000000001
2013-11-19,0.8353000496770989
2013-11-20,0.8291999669202779
2013-11-21,0.8201000165043737
2013-11-22,0.8154000328839198
2013-11-26,0.8185000820344545
2013-11-27,0.8128
2013-11-28,0.812699967352269
2013-11-29,0.8133999348640287
2013-12-02,0.8182000649561546
2013-12-03,0.8246999514484544
2013-12-04,0.819
2013-12-05,0.821
2013-12-06,0.828800064082025
2013-12-09,0.8265000800128022
2013-12-10,0.8324000638569603
2013-12-11,0.822899952206468
2013-12-12,0.8249
2013-12-13,0.8260000000000001
2013-12-16,0.8251000791765637
2013-12-17,0.8250000000000001
2013-12-18,0.822
2013-12-19,0.817
2013-12-20,0.8214000622665005
2013-12-23,0.8209
2013-12-26,0.815799938204851
2013-12-27,0.8177000462178402
2013-12-30,0.8209000153350713
2013-12-31,0.8229211777334765
2014-01-02,0.8190000000000001
2014-01-03,0.8295000762776507
2014-01-06,0.8299000758150114
2014-01-07,0.8287000606244316
2014-01-08,0.8276
2014-01-09,0.8246000603682463
2014-01-10,0.8294000600240097
2014-01-13,0.836700074682599
2014-01-14,0.8388
2014-01-15,0.8340000000000001
2014-01-16,0.8337999704753469
2014-01-17,0.8258999558628807
2014-01-20,0.8260000000000001
2014-01-21,0.8312
2014-01-22,0.8307000000000001
2014-01-23,0.8281999999999999
2014-01-24,0.8251
2014-01-27,0.8225000000000001
2014-01-28,0.8264
2014-01-29,0.8273000624609619
2014-01-30,0.8137000623830317
2014-01-31,0.8089999999999999
2014-02-03,0.8105999999999999
2014-02-04,0.820800024981264
2014-02-05,0.8209
2014-02-06,0.8275
2014-02-07,0.8281
2014-02-10,0.8269
2014-02-11,0.8335000000000001
2014-02-12,0.831700064061499
2014-02-13,0.8348000513347024
2014-02-14,0.8368000257698751
2014-02-17,0.8359
2014-02-18,0.8308999871283306
2014-02-19,0.8303999485927259
2014-02-20,0.8283999488229273
2014-02-21,0.8288
2014-02-24,0.8335000636537238
2014-02-25,0.833899987291905
2014-02-26,0.8292999619337648
2014-02-27,0.8380000000000001
2014-02-28,0.8387999745999493
2014-03-05,0.8428
2014-03-06,0.8489000127048659
2014-03-07,0.8456000508841114
2014-03-10,0.8467000381630836
2014-03-11,0.8472
2014-03-12,0.8478000507807542
2014-03-13,0.8536999619723665
2014-03-14,0.8535999999999999
2014-03-17,0.8573999999999999
2014-03-18,0.8631000502765208
2014-03-19,0.860799949704514
2014-03-20,0.8536
2014-03-21,0.8550999498369701
2014-03-25,0.8573999999999999
2014-03-26,0.8605000624921886
2014-03-27,0.8672
2014-03-28,0.8656999875046857
2014-03-31,0.8669000249937515
2014-04-01,0.8651999500124968
2014-04-03,0.8539
2014-04-04,0.8584
2014-04-07,0.8597000374953131
2014-04-08,0.8673999500062493
2014-04-09,0.8665
2014-04-10,0.8699
2014-04-11,0.8681
2014-04-14,0.8675000624921886
2014-04-15,0.8641
2014-04-16,0.8618000249968755
2014-04-21,0.8558
2014-04-22,0.8599000124984378
2014-04-23,0.8583
2014-04-24,0.856299962504687
2014-04-25,0.8583
2014-04-28,0.8530999875015624
2014-04-29,0.8554999999999999
2014-04-30,0.8611999500124967
2014-05-05,0.868299962504687
2014-05-06,0.8762
2014-05-07,0.8678000249968755
2014-05-08,0.864800049987503
2014-05-09,0.8611000624609618
2014-05-12,0.8621999750343279
2014-05-13,0.8632999625981796
2014-05-14,0.867
2014-05-15,0.8639000496647627
2014-05-16,0.8634000496647628
2014-05-19,0.863
2014-05-20,0.8565999999999999
2014-05-21,0.8549000248077402
2014-05-22,0.8553999751953367
2014-05-23,0.8547000248015872
2014-05-26,0.8553999504091246
2014-05-27,0.8535000619501921
2014-05-28,0.8484000495417389
2014-05-29,0.8460000000000001
2014-05-30,0.8492
2014-06-02,0.8451999999999998
2014-06-03,0.8423000617665224
2014-06-04,0.8413999506538368
2014-06-05,0.8503999999999999
2014-06-06,0.8500999999999999
2014-06-09,0.8486999999999999
2014-06-10,0.8512
2014-06-11,0.8562000246032723
2014-06-12,0.8678999876983639
2014-06-13,0.8663
2014-06-16,0.8672000246032723
2014-06-17,0.8651000123016361
2014-06-18,0.8704999999999999
2014-06-19,0.8704999999999999
2014-06-23,0.8714
2014-06-24,0.8689999999999999
2014-06-25,0.8731999508116085
2014-06-26,0.8770999754058043
2014-06-27,0.8768000491883915
2014-06-30,0.875300012295586
2014-07-01,0.8778
2014-07-02,0.876600024576063
2014-07-03,0.8752000491521259
2014-07-04,0.8741000245760628
2014-07-07,0.8761999999999999
2014-07-08,0.879099963158541
2014-07-10,0.8818999508961453
2014-07-11,0.881
2014-07-14,0.8799
2014-07-15,0.8765
2014-07-16,0.8710000000000001
2014-07-17,0.8698000245218244
2014-07-18,0.8689
2014-07-21,0.8689999999999999
2014-07-22,0.8664999999999999
2014-07-23,0.868500061207002
2014-07-24,0.8583000611620795
2014-07-25,0.8551000244558571
2014-07-28,0.8549000488758555
2014-07-29,0.850300048828125
2014-07-30,0.8476000487745396
2014-07-31,0.8493000121758189
2014-08-01,0.8511000485672656
2014-08-04,0.8524
2014-08-05,0.8462000483792935
2014-08-06,0.8472000241867215
2014-08-07,0.8483000362800822
2014-08-08,0.8467000362713093
2014-08-11,0.8458022974607015
2014-08-12,0.844
2014-08-13,0.8460000000000001
2014-08-14,0.8485000604083606
2014-08-15,0.8485000603791812
2014-08-19,0.8431000482741975
2014-08-20,0.8406000240297969
2014-08-21,0.8409000595592615
2014-08-22,0.8401000594883998
2014-08-25,0.8348
2014-08-26,0.8326000475850582
2014-08-27,0.8375000595167242
2014-08-28,0.8377000594883998
2014-08-29,0.8360999880966552
2014-09-01,0.8380000000000001
2014-09-02,0.8311999762216146
2014-09-03,0.8317000356675782
2014-09-04,0.8310000000000001
2014-09-05,0.8326000000000001
2014-09-08,0.828
2014-09-09,0.8230999999999999
2014-09-10,0.824
2014-09-11,0.8181999761933103
2014-09-12,0.8151999523922876
2014-09-15,0.8176999523922875
2014-09-16,0.8206999880994882
2014-09-17,0.8140000000000001
2014-09-18,0.8137000118807176
2014-09-19,0.8129000237473284
2014-09-22,0.811500059333096
2014-09-23,0.8064
2014-09-24,0.8072
2014-09-25,0.7927999762583097
2014-09-26,0.7868999881642799
2014-09-29,0.7769999999999999
2014-09-30,0.7793000000000001
2014-10-01,0.7794000000000001
2014-10-02,0.7891999999999999
2014-10-03,0.7769
2014-10-06,0.7802
2014-10-07,0.783
2014-10-08,0.7826000000000001
2014-10-09,0.7862999999999999
2014-10-10,0.7826999763760927
2014-10-14,0.7849000354065856
2014-10-15,0.7939999999999999
2014-10-16,0.7949000472032098
2014-10-17,0.7931000471920717
2014-10-20,0.797
2014-10-21,0.7962999528746466
2014-10-22,0.7944000471198019
2014-10-23,0.782400047119802
2014-10-24,0.7855
2014-10-27,0.7895
2014-10-28,0.7931999529522464
2014-10-29,0.79
2014-10-30,0.7841
2014-10-31,0.7784
2014-11-03,0.7722000470145746
2014-11-04,0.778
2014-11-05,0.7717000470145745
2014-11-07,0.7736000000000001
2014-11-10,0.7758999882477376
2014-11-11,0.7797999999999999
2014-11-12,0.7882
2014-11-13,0.7882
2014-11-14,0.7902999647514981
2014-11-17,0.7919999999999999
2014-11-18,0.7938000469924812
2014-11-19,0.7864000469814424
2014-11-20,0.7859000469814423
2014-11-21,0.7888999530295914
2014-11-25,0.7802000469318315
2014-11-26,0.788
2014-11-27,0.7868999530846822
2014-11-28,0.7847000234631629
2014-12-01,0.7903000468823254
2014-12-02,0.7791000000000001
2014-12-03,0.7759000234137204
2014-12-04,0.7784000467890982
2014-12-05,0.7708000467453546
2014-12-09,0.7710999766136576
2014-12-10,0.770700035083616
2014-12-11,0.7806
2014-12-12,0.7778000233890773
2014-12-15,0.7730999883054613
2014-12-16,0.7788000233890774
2014-12-17,0.7749000116945387
2014-12-18,0.7738999999999999
2014-12-19,0.774299964916384
2014-12-22,0.7735
2014-12-23,0.7704999999999999
2014-12-24,0.7720999649245878
2014-12-29,0.7783000467726848
2014-12-30,0.7833999532218453
2014-12-31,0.7798000233890773
2015-01-02,0.77
2015-01-05,0.7695000584043921
2015-01-06,0.7793000466635558
2015-01-07,0.7756
2015-01-08,0.7824999999999999
2015-01-09,0.7827000349202654
2015-01-12,0.7763999534396462
2015-01-13,0.7729999999999999
2015-01-14,0.7734
2015-01-15,0.7825999767360707
2015-01-16,0.7782999651203347
2015-01-19,0.7774
2015-01-20,0.7686000464522122
2015-01-21,0.7576999767873723
2015-01-22,0.752
2015-01-23,0.7454000000000001
2015-01-26,0.7408
2015-01-27,0.7446999652335149
2015-01-28,0.745800023172286
2015-01-29,0.724
2015-01-30,0.725
2015-02-02,0.7301000462107209
2015-02-03,0.732
2015-02-04,0.7365
2015-02-05,0.7389
2015-02-06,0.7355999538052892
2015-02-09,0.7418999538426033
2015-02-10,0.7409000230627306
2015-02-11,0.7382000460935699
2015-02-12,0.7439000115194103
2015-02-13,0.7463000575705239
2015-02-18,0.7521000000000001
2015-02-19,0.7525999770035645
2015-02-20,0.7539000344708722
2015-02-23,0.7523
2015-02-24,0.7468999770589585
2015-02-25,0.7543000458610412
2015-02-26,0.7542999656002751
2015-02-27,0.7556999770799907
2015-03-02,0.7506000229016374
2015-03-03,0.7566999656711294
2015-03-04,0.758
2015-03-05,0.7461
2015-03-06,0.7363999771637362
2015-03-09,0.7369000456412598
2015-03-10,0.7272000000000001
2015-03-11,0.7205000569670731
2015-03-12,0.7368
2015-03-13,0.7329000341568941
2015-03-16,0.7389000341568941
2015-03-17,0.7311000341413452
2015-03-18,0.7425000568763508
2015-03-19,0.7380999545144417
2015-03-20,0.7585999545402887
2015-03-25,0.762
2015-03-26,0.7561999772882126
2015-03-27,0.7575999999999999
2015-03-30,0.7506999773139745
2015-03-31,0.7469000226705963
2015-04-01,0.7461999546844907
2015-04-06,0.7578000226474918
2015-04-07,0.7506999773653237
2015-04-08,0.7548000226218755
2015-04-09,0.7544
2015-04-10,0.7536
2015-04-13,0.7438000225835593
2015-04-14,0.7527000451569202
2015-04-15,0.7598000225580871
2015-04-16,0.7691000451161741
2015-04-17,0.7685000563888574
2015-04-20,0.7643999549092548
2015-04-21,0.7675999549244985
2015-04-22,0.7668999887374705
2015-04-23,0.7584
2015-04-24,0.7592
2015-04-27,0.7636000000000001
2015-04-28,0.772199955041025
2015-04-29,0.7711999550662774
2015-04-30,0.7622999887728752
2015-05-04,0.7535
2015-05-05,0.7565000560726702
2015-05-06,0.7505999775835014
2015-05-07,0.7442000224114748
2015-05-08,0.7487999551971325
2015-05-11,0.7355000559722378
2015-05-12,0.7368999552372426
2015-05-13,0.7478
2015-05-14,0.7497999776386404
2015-05-15,0.7484000223538617
2015-05-18,0.7377999553222384
2015-05-19,0.7342999553471757
2015-05-20,0.7304000223164472
2015-05-21,0.732200044603033
2015-05-22,0.7303999554118827
2015-05-26,0.7236000222766764
2015-05-27,0.7230999666035844
2015-05-28,0.7168000222568439
2015-05-29,0.7109000222419929
2015-06-01,0.7088000222321031
2015-06-02,0.71929996667037
2015-06-03,0.7148999666925725
2015-06-04,0.7118000000000001
2015-06-05,0.704400044375416
2015-06-08,0.712299955644267
2015-06-09,0.7135000554139421
2015-06-10,0.7198999889245764
2015-06-11,0.6994000221434898
2015-06-12,0.6994000221312381
2015-06-15,0.699
2015-06-16,0.6984000442282176
2015-06-17,0.6935
2015-06-18,0.6924000220945647
2015-06-19,0.6900000000000001
2015-06-22,0.6867000331089284
2015-06-23,0.6848000000000001
2015-06-24,0.689200022053148
2015-06-25,0.6910999669348616
2015-06-26,0.6837000440625689
2015-06-29,0.6873999779808434
2015-06-30,0.6777000440140846
2015-07-01,0.6749000329924117
2015-07-02,0.6721999560294603
2015-07-03,0.6689000439367312
2015-07-06,0.6691000219587175
2015-07-07,0.6649999999999999
2015-07-08,0.6733999780653652
2015-07-10,0.6699000438404208
2015-07-13,0.6692999561787906
2015-07-14,0.670800043802015
2015-07-15,0.6595000547225567
2015-07-16,0.652199956245898
2015-07-17,0.6525
2015-07-20,0.657
2015-07-21,0.6641000436871995
2015-07-22,0.6583999563366445
2015-07-23,0.6636000000000001
2015-07-24,0.6571000218150088
2015-07-27,0.6615000545077946
2015-07-28,0.6693999782087601
2015-07-29,0.6720999782182531
2015-07-30,0.6594000217698923
2015-07-31,0.6607000000000001
2015-08-03,0.659700054377379
2015-08-04,0.6555
2015-08-05,0.6517000543183052
2015-08-06,0.6547999782821153
2015-08-07,0.6612999782939006
2015-08-10,0.6617
2015-08-11,0.6529999999999999
2015-08-12,0.6618000216661251
2015-08-13,0.6562999891739741
2015-08-14,0.6543
2015-08-18,0.6579000540832883
2015-08-19,0.6608000216192844
2015-08-20,0.663
2015-08-21,0.6689
2015-08-24,0.6528999676270638
2015-08-25,0.6505
2015-08-26,0.6423000323310701
2015-08-27,0.6460999569151228
2015-08-28,0.6458000000000002
2015-08-31,0.63519997848537
2015-09-01,0.6347000214961307
2015-09-02,0.6352
2015-09-03,0.6388000429322743
2015-09-04,0.629300042909247
2015-09-07,0.6257
2015-09-08,0.634
2015-09-09,0.6397000214041095
2015-09-10,0.6308
2015-09-11,0.6317000213812273
2015-09-14,0.6328999893150977
2015-09-15,0.6326
2015-09-16,0.6355000533560985
2015-09-17,0.6347000106643915
2015-09-18,0.6413000426348326
2015-09-21,0.631
2015-09-22,0.629399957406027
2015-09-23,0.6248999787188764
2015-09-24,0.6345000000000001
2015-09-25,0.6377000106303816
2015-09-28,0.6335000000000001
2015-09-29,0.6343999575191164
2015-09-30,0.6393000424538314
2015-10-01,0.64
2015-10-02,0.6427999576181395
2015-10-05,0.6509999999999999
2015-10-06,0.6533999576764363
2015-10-07,0.6623000211505923
2015-10-08,0.6646
2015-10-09,0.67
2015-10-13,0.6670999577791851
2015-10-14,0.6765999578014559
2015-10-15,0.6857999789118516
2015-10-16,0.6810999999999999
2015-10-19,0.68
2015-10-20,0.674700021043771
2015-10-21,0.6727000315424245
2015-10-22,0.677
2015-10-23,0.6744
2015-10-26,0.6787000104964838
2015-10-27,0.678
2015-10-28,0.6676000209687565
2015-10-29,0.6684000209599665
2015-10-30,0.6778000209511837
2015-11-02,0.6738
2015-11-03,0.6695000000000001
2015-11-04,0.659
2015-11-05,0.6623
2015-11-09,0.6537000104307917
2015-11-10,0.653600041684035
2015-11-11,0.6555000520670624
2015-11-12,0.65250005200208
2015-11-13,0.6524000415627598
2015-11-16,0.6492000000000001
2015-11-17,0.646699958514831
2015-11-18,0.6442999585406302
2015-11-19,0.6567000103551828
2015-11-20,0.6557999586263964
2015-11-23,0.651300041356493
2015-11-24,0.6542999793260286
2015-11-25,0.6572999586691465
2015-11-26,0.6572999586691465
2015-11-30,0.6578999793559042
2015-12-01,0.6671000206228088
2015-12-02,0.663
2015-12-03,0.6658999999999999
2015-12-04,0.6743
2015-12-09,0.6633999589153656
2015-12-10,0.6766000410214338
2015-12-11,0.6713000102322726
2015-12-14,0.6778999591252811
2015-12-15,0.6746000407913523
2015-12-16,0.6781000407083249
2015-12-17,0.6705999999999999
2015-12-18,0.6738
2015-12-21,0.6771
2015-12-22,0.6812
2015-12-23,0.6788
2015-12-24,0.6827000000000001
2015-12-28,0.6846000000000001
2015-12-29,0.6876000154285273
2015-12-30,0.6835
2015-12-31,0.6839000000000001
2016-01-04,0.6742
2016-01-05,0.6692999999999999
2016-01-06,0.6632
2016-01-07,0.6649999999999999
2016-01-08,0.656
2016-01-11,0.6545
2016-01-12,0.6532
2016-01-13,0.6551
2016-01-14,0.6473
2016-01-15,0.6433
2016-01-18,0.6444
2016-01-19,0.6491
2016-01-20,0.6396000000000001
2016-01-21,0.6505
2016-01-22,0.6476999999999999
2016-01-25,0.6482
2016-01-26,0.6503
2016-01-27,0.6520999999999999
2016-01-28,0.6482
2016-01-29,0.6474
2016-02-01,0.6504
2016-02-02,0.6496
2016-02-03,0.6665
2016-02-04,0.6742
2016-02-05,0.6621999860733933
2016-02-10,0.6655
2016-02-11,0.6681
2016-02-12,0.6628999999999999
2016-02-15,0.6656
2016-02-16,0.6567000269578112
2016-02-17,0.6633
2016-02-18,0.6630999999999999
2016-02-19,0.6623
2016-02-22,0.6721999999999999
2016-02-23,0.6661
2016-02-24,0.6628000000000001
2016-02-25,0.6697
2016-02-26,0.6635
2016-02-29,0.6596
2016-03-01,0.6614
2016-03-02,0.6634
2016-03-03,0.6749
2016-03-04,0.6807000000000001
2016-03-07,0.6812
2016-03-08,0.6781000064729109
2016-03-09,0.6790999999999999
2016-03-10,0.6656000000000001
2016-03-11,0.6746000000000001
2016-03-14,0.6661
2016-03-15,0.6596
2016-03-16,0.6648999999999999
2016-03-17,0.6849000000000001
2016-03-18,0.6794
2016-03-21,0.6759999999999999
2016-03-22,0.6743
2016-03-23,0.6718999999999999
2016-03-28,0.6717
2016-03-29,0.6854999999999999
2016-03-30,0.6908
2016-03-31,0.6909000000000001
2016-04-01,0.6897000000000001
2016-04-04,0.6843
2016-04-05,0.6793000000000001
2016-04-06,0.6804
2016-04-07,0.6772
2016-04-08,0.6808
2016-04-11,0.686
2016-04-12,0.6909000345901072
2016-04-13,0.6923000347342828
2016-04-14,0.6869999999999999
2016-04-15,0.6912
2016-04-18,0.6945
2016-04-19,0.7041999999999999
2016-04-20,0.6984
2016-04-21,0.691
2016-04-22,0.6852999999999999
2016-04-25,0.6848
2016-04-26,0.6882999999999999
2016-04-27,0.6812
2016-04-28,0.6978
2016-04-29,0.6969000000000001
2016-05-02,0.7011
2016-05-03,0.6925000000000001
2016-05-04,0.6868
2016-05-05,0.6879
2016-05-06,0.6846
2016-05-09,0.677
2016-05-10,0.6752000140508642
2016-05-11,0.6839
2016-05-12,0.6815
2016-05-13,0.6781999999999999
2016-05-16,0.6791999717054538
2016-05-17,0.6813999999999999
2016-05-18,0.6772
2016-05-19,0.675
2016-05-20,0.6768000000000001
2016-05-23,0.6769
2016-05-24,0.6734
2016-05-26,0.674
2016-05-27,0.6695
2016-05-30,0.6700999999999999
2016-05-31,0.6758000142949039
2016-06-01,0.6815000000000001
2016-06-02,0.6811
2016-06-03,0.6939000072196954
2016-06-06,0.6936
2016-06-07,0.6972
2016-06-08,0.702
2016-06-09,0.7129
2016-06-10,0.705
2016-06-13,0.705
2016-06-14,0.7001
2016-06-15,0.7058000000000001
2016-06-16,0.7042
2016-06-21,0.7132999999999999
2016-06-22,0.7157
2016-06-23,0.7243
2016-06-24,0.7141
2016-06-27,0.6989
2016-06-28,0.7023
2016-06-29,0.7111000000000001
2016-06-30,0.7121999999999999
2016-07-01,0.7162000000000001
2016-07-04,0.7232
2016-07-05,0.7142
2016-07-06,0.712
2016-07-07,0.7224
2016-07-11,0.722
2016-07-12,0.7319
2016-07-13,0.7285
2016-07-14,0.7207
2016-07-15,0.7139000000000001
2016-07-18,0.711
2016-07-19,0.7046
2016-07-20,0.7025
2016-07-21,0.6979000000000001
2016-07-22,0.6993999999999999
2016-07-25,0.6994
2016-07-26,0.7040000000000001
2016-07-27,0.7021
2016-07-28,0.707
2016-07-29,0.7213999999999999
2016-08-01,0.7192999999999999
2016-08-02,0.7231
2016-08-03,0.7145
2016-08-04,0.7179
2016-08-05,0.7139000000000001
2016-08-08,0.7142999999999999
2016-08-09,0.7156
2016-08-10,0.7222999999999999
2016-08-11,0.7213999999999999
2016-08-12,0.7192
2016-08-16,0.7283
2016-08-17,0.7206
2016-08-18,0.7287
2016-08-19,0.7265
2016-08-22,0.7271
2016-08-23,0.7302000000000001
2016-08-24,0.7313
2016-08-25,0.73
2016-08-26,0.724
2016-08-29,0.7261
2016-08-30,0.7209000000000001
2016-08-31,0.7258000000000001
2016-09-01,0.7275
2016-09-02,0.7291
2016-09-05,0.7307
2016-09-06,0.742
2016-09-07,0.7444999999999999
2016-09-08,0.739
2016-09-09,0.7334
2016-09-12,0.7341000000000001
2016-09-13,0.7254
2016-09-14,0.7289000000000001
2016-09-15,0.731
2016-09-16,0.7263999999999999
2016-09-19,0.7303
2016-09-20,0.7309
2016-09-21,0.7321
2016-09-22,0.7310000000000001
2016-09-23,0.7228999736252143
2016-09-26,0.7276999999999999
2016-09-27,0.7295
2016-09-28,0.7254999999999999
2016-09-29,0.7249000325203252
2016-09-30,0.7285
2016-10-03,0.7272
2016-10-04,0.7211000000000001
2016-10-05,0.7173
2016-10-06,0.7153
2016-10-07,0.7145999999999999
2016-10-11,0.7050000000000001
2016-10-12,0.7071
2016-10-13,0.7096999735659529
2016-10-14,0.7093000329489292
2016-10-17,0.7135
2016-10-18,0.7197999736980537
2016-10-19,0.7227000329055611
2016-10-20,0.7202000000000001
2016-10-21,0.7146
2016-10-24,0.7126000264096131
2016-10-25,0.7165
2016-10-26,0.7158
2016-10-27,0.7117000131804403
2016-10-28,0.7158
2016-10-31,0.7151
2016-11-01,0.7159000331674958
2016-11-02,0.7303000000000001
2016-11-03,0.7325
2016-11-04,0.7323
2016-11-07,0.7323
2016-11-08,0.7361000000000001
2016-11-09,0.7283999999999999
2016-11-10,0.7227
2016-11-11,0.7132000000000001
2016-11-14,0.709
2016-11-15,0.7097
2016-11-16,0.7079
2016-11-17,0.7031999999999999
2016-11-18,0.7011999999999999
2016-11-21,0.7057000324991876
2016-11-22,0.7049000000000001
2016-11-23,0.7009
2016-11-24,0.6994000000000001
2016-11-25,0.7042
2016-11-29,0.7124
2016-11-30,0.7082000252079657
2016-12-01,0.7059000000000001
2016-12-02,0.7146
2016-12-05,0.7149000063008002
2016-12-06,0.7114
2016-12-07,0.7152
2016-12-12,0.7203999999999999
2016-12-13,0.7205
2016-12-14,0.7222999999999999
2016-12-15,0.704
2016-12-16,0.6982
2016-12-19,0.6945
2016-12-20,0.6924000000000001
2016-12-21,0.6908
2016-12-22,0.69
2016-12-23,0.687
2016-12-26,0.6904
2016-12-27,0.6886
2016-12-28,0.6905
2016-12-29,0.695
2016-12-30,0.6953
2017-01-02,0.6939
2017-01-03,0.6938
2017-01-04,0.6946000000000001
2017-01-05,0.7028
2017-01-06,0.6970999999999999
2017-01-09,0.703
2017-01-10,0.6987000000000001
2017-01-11,0.7040000000000001
2017-01-12,0.7136
2017-01-13,0.7112000252318174
2017-01-16,0.7104
2017-01-17,0.7194000251430007
2017-01-18,0.7168
2017-01-19,0.7164
2017-01-20,0.7153000314169023
2017-01-23,0.7214
2017-01-24,0.7263000000000001
2017-01-25,0.7253000313381386
2017-01-26,0.7238
2017-01-27,0.7255
2017-01-30,0.7289000000000001
2017-01-31,0.7324000125809901
2017-02-01,0.7245
2017-02-02,0.7293
2017-02-03,0.7324
2017-02-06,0.7308
2017-02-07,0.7314
2017-02-08,0.7317999999999999
2017-02-09,0.7182999999999999
2017-02-10,0.7197000000000001
2017-02-13,0.7170000000000001
2017-02-14,0.7151
2017-02-15,0.7203
2017-02-16,0.723
2017-02-17,0.7186
2017-02-20,0.7183999999999999
2017-02-21,0.7164
2017-02-22,0.716
2017-02-23,0.7227
2017-02-24,0.7199
2017-03-01,0.7137
2017-03-02,0.7055999999999999
2017-03-03,0.7009000000000001
2017-03-06,0.6991999999999999
2017-03-07,0.6983
2017-03-08,0.6908
2017-03-09,0.6897
2017-03-10,0.6922999999999999
2017-03-13,0.6926000000000001
2017-03-14,0.6924
2017-03-15,0.6987
2017-03-16,0.6975
2017-03-17,0.7031000000000001
2017-03-20,0.705
2017-03-21,0.7047000000000001
2017-03-22,0.7071000319795332
2017-03-23,0.7035
2017-03-27,0.7043000321233537
2017-03-28,0.7016000128716694
2017-03-29,0.7033
2017-03-30,0.7007
2017-03-31,0.7009
2017-04-03,0.7000000000000001
2017-04-04,0.6974
2017-04-05,0.6948000260382763
2017-04-06,0.6971
2017-04-07,0.6935000325839035
2017-04-10,0.696
2017-04-11,0.6955000327546675
2017-04-12,0.6920000000000001
2017-04-17,0.7019
2017-04-18,0.7034000261454997
2017-04-19,0.7001999999999999
2017-04-20,0.700899993501852
2017-04-21,0.7024
2017-04-24,0.7011999999999999
2017-04-25,0.6949
2017-04-26,0.6892
2017-04-27,0.6874
2017-04-28,0.687
2017-05-02,0.6928
2017-05-03,0.6911
2017-05-04,0.6855
2017-05-05,0.6916
2017-05-08,0.6909000000000001
2017-05-09,0.6895000322061191
2017-05-10,0.6941
2017-05-11,0.6851000323939099
2017-05-12,0.6856
2017-05-15,0.6877
2017-05-16,0.6889000000000001
2017-05-17,0.6936
2017-05-18,0.6891
2017-05-19,0.6933
2017-05-22,0.6994
2017-05-23,0.7017
2017-05-24,0.7026
2017-05-26,0.7065999999999999
2017-05-29,0.7057
2017-05-30,0.7096
2017-05-31,0.7101999999999999
2017-06-01,0.7064000000000001
2017-06-02,0.7141
2017-06-05,0.7146000000000001
2017-06-06,0.7194999999999999
2017-06-07,0.7199
2017-06-08,0.7217
2017-06-09,0.721
2017-06-12,0.7195000313971742
2017-06-13,0.7227
2017-06-14,0.7302000251920897
2017-06-15,0.7202
2017-06-16,0.7255
2017-06-19,0.7231000000000001
2017-06-21,0.7225
2017-06-22,0.7259000309693404
2017-06-23,0.728700030911901
2017-06-26,0.7299
2017-06-27,0.7271000000000001
2017-06-28,0.7298
2017-06-29,0.7287
2017-06-30,0.7325
2017-07-03,0.7297
2017-07-04,0.7296
2017-07-05,0.7278
2017-07-06,0.7269000000000001
2017-07-07,0.7274
2017-07-10,0.7274
2017-07-11,0.7231
2017-07-12,0.7265000295002655
2017-07-13,0.7322000000000001
2017-07-14,0.734
2017-07-17,0.7323
2017-07-18,0.7357
2017-07-19,0.7356
2017-07-20,0.7409
2017-07-21,0.7442
2017-07-24,0.7429
2017-07-25,0.7424
2017-07-26,0.7449
2017-07-27,0.749
2017-07-28,0.7508
2017-07-31,0.7494000000000001
2017-08-01,0.748
2017-08-02,0.7446999999999999
2017-08-03,0.7435999999999999
2017-08-04,0.7410999999999999
2017-08-07,0.7355
2017-08-08,0.7330000000000001
2017-08-09,0.733
2017-08-10,0.728
2017-08-11,0.7325
2017-08-14,0.7286000000000001
2017-08-15,0.7231000000000001
2017-08-16,0.7294
2017-08-17,0.7297000000000001
2017-08-18,0.7321
2017-08-22,0.7278999999999999
2017-08-23,0.7221
2017-08-24,0.7216
2017-08-25,0.7238000000000001
2017-08-28,0.7261
2017-08-29,0.7259000287438919
2017-08-30,0.7198
2017-08-31,0.7169000000000001
2017-09-01,0.7158
2017-09-04,0.7172
2017-09-05,0.7228
2017-09-06,0.6589999999999999
2017-09-07,0.7224
2017-09-08,0.7273000000000001
2017-09-11,0.7253000000000001
2017-09-12,0.7291
2017-09-13,0.7237
2017-09-14,0.7214
2017-09-15,0.7289000294550809
2017-09-18,0.7255000292141397
2017-09-19,0.7316999999999999
2017-09-20,0.7397
2017-09-21,0.7308
2017-09-22,0.7327000000000001
2017-09-25,0.7272
2017-09-26,0.7215000000000001
2017-09-27,0.7224
2017-09-28,0.7233
2017-09-29,0.7217000000000001
2017-10-02,0.7199000287108814
2017-10-03,0.7155000287108815
2017-10-04,0.7165000288068215
2017-10-05,0.7116
2017-10-06,0.7092
2017-10-09,0.7069
2017-10-10,0.7071999999999999
2017-10-11,0.7078999885176255
2017-10-12,0.7145000287108815
2017-10-13,0.7189000230627306
2017-10-17,0.7167999999999999
2017-10-18,0.7144999999999999
2017-10-19,0.7018
2017-10-20,0.6969
2017-10-23,0.6962
2017-10-24,0.6887000000000001
2017-10-25,0.6871
2017-10-26,0.6839999999999999
2017-10-27,0.6863000283687943
2017-10-30,0.6865
2017-10-31,0.6842
2017-11-01,0.6899000000000001
2017-11-02,0.6919
2017-11-03,0.6905
2017-11-07,0.6899000000000001
2017-11-08,0.6917
2017-11-09,0.6959000285469598
2017-11-10,0.6925000285795941
2017-11-13,0.6897000000000001
2017-11-14,0.6881
2017-11-15,0.6874
2017-11-16,0.6854999999999999
2017-11-17,0.6816
2017-11-21,0.6832
2017-11-22,0.6855
2017-11-23,0.6889
2017-11-24,0.6879
2017-11-27,0.6908
2017-11-28,0.6924000000000001
2017-11-29,0.6888
2017-11-30,0.6842
2017-12-01,0.6896
2017-12-04,0.6841999999999999
2017-12-05,0.6874000000000001
2017-12-06,0.6871000289771082
2017-12-07,0.6846
2017-12-11,0.6915
2017-12-12,0.6926
2017-12-13,0.6993
2017-12-14,0.6998000000000001
2017-12-15,0.7001000285469597
2017-12-18,0.7011
2017-12-19,0.7011
2017-12-20,0.6980999999999999
2017-12-21,0.7015000278473963
2017-12-22,0.7018
2017-12-26,0.7031000272702481
2017-12-27,0.7070000000000001
2017-12-28,0.7083
2017-12-29,0.7094000214488713
2018-01-02,0.7101
2018-01-03,0.7103999999999999
2018-01-04,0.7151
2018-01-05,0.717
2018-01-08,0.7179
2018-01-09,0.7171
2018-01-10,0.7189
2018-01-11,0.7245
2018-01-12,0.7242
2018-01-15,0.7307
2018-01-16,0.7275
2018-01-17,0.7304999999999999
2018-01-18,0.7309
2018-01-19,0.7283000263227165
2018-01-22,0.7306999895539538
2018-01-23,0.7342
2018-01-24,0.7409000000000001
2018-01-25,0.7373000000000001
2018-01-26,0.7352
2018-01-29,0.7313000000000001
2018-01-30,0.7331000254647313
2018-01-31,0.7367
2018-02-01,0.7385
2018-02-02,0.731500025647602
2018-02-05,0.7291
2018-02-06,0.7312000000000001
2018-02-07,0.7265000253871541
2018-02-08,0.7220000000000001
2018-02-09,0.7233999999999999
2018-02-14,0.7346
2018-02-15,0.7384000000000001
2018-02-16,0.7398
2018-02-19,0.7374
2018-02-20,0.7353
2018-02-21,0.7343000250941029
2018-02-22,0.735
2018-02-23,0.7292
2018-02-26,0.7308
2018-02-27,0.7245
2018-02-28,0.7215
2018-03-01,0.7230999950374671
2018-03-02,0.7223
2018-03-05,0.7222000000000001
2018-03-06,0.7297
2018-03-07,0.7271
2018-03-08,0.7258
2018-03-09,0.7289
2018-03-12,0.7291
2018-03-13,0.7334
2018-03-14,0.7329
2018-03-15,0.728
2018-03-16,0.7212999999999999
2018-03-19,0.7243
2018-03-20,0.7191000246730817
2018-03-21,0.7204
2018-03-22,0.7225000247218788
2018-03-23,0.7269
2018-03-26,0.7296
2018-03-27,0.7272999801666006
2018-03-28,0.7213000148890764
2018-04-03,0.726
2018-04-04,0.7305
2018-04-05,0.7268
2018-04-06,0.7269
2018-04-09,0.7317999999999999
2018-04-10,0.7366
2018-04-11,0.7358999900833003
2018-04-12,0.7381
2018-04-13,0.7351
2018-04-16,0.7363000000000001
2018-04-17,0.7339
2018-04-18,0.7321000248323813
2018-04-19,0.7266
2018-04-20,0.7205999999999999
2018-04-23,0.7152
2018-04-24,0.7118
2018-04-25,0.7060999901244321
2018-04-26,0.7069
2018-04-27,0.7076
2018-05-02,0.6999000000000001
2018-05-03,0.7039
2018-05-04,0.7021999999999999
2018-05-07,0.7026999999999999
2018-05-08,0.6970000000000001
2018-05-09,0.6989000000000001
2018-05-10,0.6963999999999999
2018-05-11,0.6967999999999999
2018-05-14,0.6921
2018-05-15,0.6859999999999999
2018-05-16,0.6903
2018-05-17,0.6876000000000001
2018-05-18,0.6912
2018-05-21,0.6926999876993727
2018-05-22,0.6925999999999999
2018-05-23,0.6899000204290092
2018-05-24,0.693
2018-05-28,0.6938
2018-05-29,0.6893
2018-05-30,0.6992
2018-05-31,0.6998
2018-06-01,0.6987000200200201
2018-06-04,0.7037
2018-06-05,0.7034
2018-06-06,0.7032
2018-06-07,0.7026
2018-06-08,0.7039
2018-06-11,0.702
2018-06-12,0.7010000000000001
2018-06-13,0.7036
2018-06-14,0.6979000000000001
2018-06-15,0.6939
2018-06-18,0.6935
2018-06-19,0.6898
2018-06-21,0.6878
2018-06-22,0.6916
2018-06-25,0.6893
2018-06-26,0.6851999999999999
2018-06-27,0.6793999999999999
2018-06-28,0.6759999999999999
2018-06-29,0.6767
2018-07-02,0.6697
2018-07-03,0.6750999999999999
2018-07-04,0.6762999999999999
2018-07-05,0.6783
2018-07-06,0.6835
2018-07-10,0.684
2018-07-11,0.6760999999999999
2018-07-12,0.6774
2018-07-13,0.6758000000000001
2018-07-16,0.6774000000000001
2018-07-17,0.6785
2018-07-18,0.6798999927530981
2018-07-19,0.6755999855902589
2018-07-20,0.6807000000000001
2018-07-23,0.6779999999999999
2018-07-24,0.6797000000000001
2018-07-25,0.6822999999999999
2018-07-26,0.6793
2018-07-27,0.6798
2018-07-30,0.6827000183452577
2018-07-31,0.6819
2018-08-01,0.6789000181653043
2018-08-02,0.6747
2018-08-03,0.6754
2018-08-06,0.673
2018-08-07,0.6729000182515058
2018-08-08,0.6755000000000001
2018-08-09,0.6624
2018-08-10,0.6580999999999999
2018-08-13,0.6576
2018-08-14,0.6579
2018-08-15,0.6561
2018-08-16,0.6577000000000001
2018-08-17,0.6609999999999999
2018-08-21,0.6696000000000001
2018-08-22,0.6699999999999999
2018-08-23,0.664
2018-08-24,0.6692
2018-08-27,0.6695
2018-08-28,0.6719999999999999
2018-08-29,0.6709
2018-08-30,0.6645
2018-08-31,0.6617999999999999
2018-09-03,0.6602
2018-09-04,0.6552
2018-09-05,0.6588
2018-09-06,0.6589999999999999
2018-09-07,0.6534
2018-09-10,0.6523
2018-09-11,0.651
2018-09-12,0.6563
2018-09-13,0.6569
2018-09-14,0.6553
2018-09-17,0.6584
2018-09-18,0.6583999899322946
2018-09-19,0.6617000000000001
2018-09-20,0.6686
2018-09-21,0.6675
2018-09-24,0.6649
2018-09-25,0.6644
2018-09-26,0.6665
2018-09-27,0.6624
2018-09-28,0.6629
2018-10-01,0.6617999999999999
2018-10-02,0.6596
2018-10-03,0.6533
2018-10-04,0.6477
2018-10-05,0.6435
2018-10-08,0.6449
2018-10-09,0.6461000000000001
2018-10-10,0.6472
2018-10-11,0.6523
2018-10-12,0.6504
2018-10-16,0.6587999999999999
2018-10-17,0.6565
2018-10-18,0.6543
2018-10-19,0.6586
2018-10-22,0.6555
2018-10-23,0.6556
2018-10-24,0.6524
2018-10-25,0.6513
2018-10-26,0.6519999999999999
2018-10-29,0.6527000000000001
2018-10-30,0.6554
2018-10-31,0.6517
2018-11-01,0.6655
2018-11-02,0.6641
2018-11-05,0.6664
2018-11-07,0.6790999999999999
2018-11-08,0.6776
2018-11-09,0.6738
2018-11-12,0.6728000000000001
2018-11-13,0.6754
2018-11-14,0.6794
2018-11-15,0.6822
2018-11-16,0.6881
2018-11-20,0.6812
2018-11-21,0.6837000137912012
2018-11-22,0.6811
2018-11-23,0.6776
2018-11-26,0.6787000000000001
2018-11-27,0.6779000000000001
2018-11-28,0.6858
2018-11-29,0.6864
2018-12-03,0.6928
2018-12-04,0.6929
2018-12-05,0.6901999999999999
2018-12-06,0.6873999999999999
2018-12-07,0.6856
2018-12-10,0.6872
2018-12-11,0.6876
2018-12-12,0.6856999999999999
2018-12-13,0.686
2018-12-14,0.681
2018-12-17,0.6802
2018-12-18,0.6848000000000001
2018-12-19,0.6845000000000001
2018-12-20,0.6776
2018-12-21,0.6707000131665569
2018-12-26,0.6719999999999999
2018-12-27,0.67
2018-12-28,0.6698999999999999
2018-12-31,0.6711999999999999
2019-01-02,0.6663
2019-01-03,0.6695
2019-01-04,0.6744000000000001
2019-01-07,0.676
2019-01-08,0.6730999999999999
2019-01-09,0.6798000000000001
2019-01-10,0.6783
2019-01-11,0.6833
2019-01-14,0.6828
2019-01-15,0.6804
2019-01-16,0.6786000000000001
2019-01-17,0.6746
2019-01-18,0.6747
2019-01-21,0.6728
2019-01-22,0.6728999999999999
2019-01-23,0.6792999999999999
2019-01-24,0.6762
2019-01-25,0.6842
2019-01-28,0.6834
2019-01-29,0.6829
2019-01-30,0.6836000000000001
2019-01-31,0.6915
2019-02-01,0.691
2019-02-04,0.6875
2019-02-05,0.6896999999999999
2019-02-06,0.6840999999999999
2019-02-07,0.6750999999999999
2019-02-08,0.6755
2019-02-11,0.6729
2019-02-12,0.6731999999999999
2019-02-13,0.6812
2019-02-14,0.6839999999999999
2019-02-15,0.6854
2019-02-18,0.6846000000000001
2019-02-19,0.688
2019-02-20,0.6873
2019-02-21,0.6803
2019-02-22,0.6851
2019-02-25,0.6883000076826552
2019-02-26,0.6887000000000001
2019-02-27,0.6839999999999999
2019-02-28,0.6809000000000001
2019-03-01,0.6806
2019-03-06,0.6773
2019-03-07,0.6763
2019-03-08,0.6807
2019-03-11,0.683
2019-03-12,0.6869000000000001
2019-03-13,0.6847
2019-03-14,0.6817
2019-03-15,0.6846
2019-03-18,0.6847000000000001
2019-03-19,0.686
2019-03-20,0.6872
2019-03-21,0.6871
2019-03-22,0.6873
2019-03-25,0.6912
2019-03-26,0.6914
2019-03-27,0.6797000000000001
2019-03-28,0.6792999999999999
2019-03-29,0.6809
2019-04-01,0.6812
2019-04-03,0.6786
2019-04-04,0.6759000000000001
2019-04-05,0.6727000000000001
2019-04-08,0.6745
2019-04-09,0.6741999999999999
2019-04-10,0.6764
2019-04-11,0.6728
2019-04-12,0.6772
2019-04-15,0.676
2019-04-16,0.6757
2019-04-17,0.6719
2019-04-22,0.6678000000000001
2019-04-23,0.6646000000000001
2019-04-24,0.6594
2019-04-25,0.662
2019-04-26,0.6666000000000001
2019-04-29,0.6666
2019-04-30,0.6681
2019-05-02,0.662
2019-05-03,0.6639
2019-05-06,0.6607
2019-05-07,0.6594000000000001
2019-05-08,0.6575
2019-05-09,0.6597
2019-05-10,0.6601
2019-05-13,0.6569
2019-05-14,0.6576000000000001
2019-05-15,0.6563
2019-05-16,0.654
2019-05-17,0.652
2019-05-20,0.6535000000000001
2019-05-21,0.6503
2019-05-22,0.6499
2019-05-23,0.6517999999999999
2019-05-24,0.6553
2019-05-27,0.6542
2019-05-28,0.6544
2019-05-29,0.6513
2019-05-30,0.6511
2019-05-31,0.6539
2019-06-03,0.659
2019-06-04,0.6613
2019-06-05,0.6619
2019-06-06,0.6632
2019-06-07,0.6671
2019-06-10,0.6612
2019-06-11,0.6587999999999999
2019-06-12,0.6576
2019-06-13,0.6573
2019-06-14,0.6491
2019-06-18,0.6523
2019-06-19,0.6539
2019-06-21,0.658
2019-06-24,0.6621
2019-06-25,0.6649999999999999
2019-06-26,0.6685
2019-06-27,0.6698999999999999
2019-06-28,0.6715999811600687
2019-07-01,0.6667000000000001
2019-07-02,0.6674
2019-07-03,0.6706
2019-07-04,0.6683999999999999
2019-07-05,0.6619999999999999
2019-07-10,0.6653
2019-07-11,0.6663
2019-07-12,0.6694
2019-07-15,0.6718000000000001
2019-07-16,0.67
2019-07-17,0.6742
2019-07-18,0.6757
2019-07-19,0.6772999999999999
2019-07-22,0.6772
2019-07-23,0.6706000000000001
2019-07-24,0.6707
2019-07-25,0.6663000000000001
2019-07-26,0.663
2019-07-29,0.6627
2019-07-30,0.6615000000000001
2019-07-31,0.6584199863263446
2019-08-01,0.65635
2019-08-02,0.6532049944008959
2019-08-05,0.653869993405144
2019-08-06,0.65176
2019-08-07,0.6454349857424874
2019-08-08,0.6485449800973021
2019-08-09,0.6469149834254143
2019-08-12,0.644505
2019-08-13,0.645
2019-08-14,0.643
2019-08-15,0.6445949868995634
2019-08-16,0.6433000000000001
2019-08-20,0.642
2019-08-21,0.6404
2019-08-22,0.6369999999999999
2019-08-23,0.6392
2019-08-26,0.6391
2019-08-27,0.6365000000000001
2019-08-28,0.6337
2019-08-29,0.6316
2019-08-30,0.6285
2019-09-02,0.6308999999999999
2019-09-03,0.6326
2019-09-04,0.6357
2019-09-05,0.6377999999999999
2019-09-06,0.6437999999999999
2019-09-09,0.6434
2019-09-10,0.6422
2019-09-11,0.6414000000000001
2019-09-12,0.6416000000000001
2019-09-13,0.6382
2019-09-16,0.6345
2019-09-17,0.6354000000000001
2019-09-18,0.6344
2019-09-19,0.6314
2019-09-20,0.6263
2019-09-23,0.6292
2019-09-24,0.6326
2019-09-25,0.6275000000000001
2019-09-26,0.6302
2019-09-27,0.629
2019-09-30,0.6261
2019-10-01,0.6244000000000001
2019-10-02,0.6261
2019-10-03,0.6307
2019-10-04,0.6318
2019-10-07,0.6298
2019-10-08,0.6297
2019-10-09,0.6293
2019-10-10,0.6326
2019-10-11,0.6339
2019-10-15,0.6284
2019-10-16,0.6282999931445808
2019-10-17,0.634899998285293
2019-10-18,0.6375
2019-10-21,0.6397999999999999
2019-10-22,0.6414000000000001
2019-10-23,0.6417
2019-10-24,0.6377999999999999
2019-10-25,0.6353
2019-10-28,0.6349
2019-10-29,0.6349
2019-10-30,0.6345
2019-10-31,0.6406
2019-11-01,0.6437
2019-11-04,0.6416999999999999
2019-11-05,0.6381000000000001
2019-11-07,0.6357
2019-11-08,0.6325
2019-11-11,0.6365999999999999
2019-11-12,0.6335
2019-11-13,0.6408
2019-11-14,0.6373
2019-11-15,0.6404
2019-11-19,0.6426000000000001
2019-11-20,0.641
2019-11-21,0.6409
2019-11-22,0.6405
2019-11-25,0.6396999999999999
2019-11-26,0.6424000000000001
2019-11-27,0.6421999999999999
2019-11-28,0.6414000000000001
2019-11-29,0.6421
2019-12-02,0.65
2019-12-03,0.6516000000000001
2019-12-04,0.6532
2019-12-05,0.6544000000000001
2019-12-06,0.6571000000000001
2019-12-09,0.6552
2019-12-10,0.6538
2019-12-11,0.6568
2019-12-12,0.6582
2019-12-13,0.6585999899692391
2019-12-16,0.66
2019-12-17,0.6574
2019-12-18,0.6574999916408928
2019-12-19,0.6602999916408927
2019-12-20,0.6602999916408927
2019-12-23,0.6631
2019-12-26,0.6667
2019-12-27,0.6701
2019-12-30,0.6732
2019-12-31,0.6740999999999999
2020-01-02,0.6688000000000001
2020-01-03,0.6670999916408927
2020-01-06,0.667
2020-01-07,0.6636999916408928
2020-01-08,0.6650999916408927
2020-01-09,0.6607999999999999
2020-01-10,0.663799986625652
2020-01-13,0.6637
2020-01-14,0.6617
2020-01-15,0.6614
2020-01-16,0.663299991663193
2020-01-17,0.661499991667361
2020-01-20,0.6605
2020-01-21,0.6603
2020-01-22,0.6587999999999999
2020-01-23,0.6594
2020-01-24,0.6601999966717146
2020-01-27,0.6550999999999999
2020-01-28,0.6529
2020-01-29,0.6521
2020-01-30,0.6485
2020-01-31,0.6467999999999999
2020-02-03,0.6461
2020-02-04,0.6484
2020-02-05,0.6470999999999999
2020-02-06,0.6462
2020-02-07,0.6402
2020-02-10,0.6382999934402571
2020-02-11,0.6401999869107806
2020-02-12,0.6461999869342958
2020-02-13,0.6441999869683493
2020-02-14,0.6434999918644949
2020-02-17,0.6438999983784398
2020-02-18,0.6385999967565114
2020-02-19,0.6372000032399683
2020-02-20,0.6335999935263558
2020-02-21,0.635
2020-02-26,0.6293999903364526
2020-02-27,0.6316999951721141
2020-02-28,0.6231
2020-03-02,0.6260999855442586
2020-03-03,0.6296999951852862
2020-03-04,0.6282999887746757
2020-03-05,0.6300000000000001
2020-03-06,0.6355000000000001
2020-03-09,0.636
2020-03-10,0.6255999936091007
2020-03-11,0.6295
2020-03-12,0.618
2020-03-13,0.605499992050748
2020-03-16,0.607
2020-03-17,0.5955999936687824
2020-03-18,0.5766
2020-03-19,0.577
2020-03-20,0.5720999999999999
2020-03-25,0.5838
2020-03-26,0.5955999937722836
2020-03-27,0.6049999999999999
2020-03-30,0.5993999906932015
2020-04-01,0.5915999938012367
2020-04-02,0.5900000000000001
2020-04-03,0.5854
2020-04-06,0.594
2020-04-07,0.599199987705359
2020-04-08,0.6017
2020-04-13,0.6106
2020-04-14,0.6097
2020-04-15,0.6
2020-04-16,0.5943
2020-04-17,0.6033000000000001
2020-04-20,0.6064999999999999
2020-04-21,0.5962999999999999
2020-04-22,0.5945
2020-04-23,0.6006
2020-04-24,0.6004999999999999
2020-04-27,0.6054
2020-04-28,0.6066
2020-04-29,0.6113
2020-04-30,0.6141
2020-05-04,0.6033
2020-05-05,0.6063000000000001
2020-05-06,0.6022000000000001
2020-05-07,0.6092
2020-05-08,0.6137
2020-05-11,0.6073
2020-05-12,0.6096
2020-05-13,0.5992
2020-05-14,0.5966
2020-05-15,0.5932
2020-05-18,0.6033000000000001
2020-05-19,0.6103
2020-05-20,0.6144000000000001
2020-05-21,0.6116999999999999
2020-05-22,0.6089
2020-05-26,0.6207
2020-05-27,0.6177
2020-05-28,0.6217
2020-05-29,0.6183
2020-06-01,0.6289
2020-06-02,0.6356
2020-06-03,0.643
2020-06-04,0.6456999999999999
2020-06-05,0.6502
2020-06-08,0.6554000000000001
2020-06-09,0.6524
2020-06-10,0.6539999999999999
2020-06-11,0.6436000000000001
2020-06-12,0.6408999999999999
2020-06-16,0.6449
2020-06-17,0.6471
2020-06-18,0.6431000000000001
2020-06-19,0.6408
2020-06-22,0.6489
2020-06-23,0.6497999999999999
2020-06-24,0.6411000000000001
2020-06-25,0.6426
2020-06-26,0.6425
2020-06-29,0.6409999999999999
2020-06-30,0.6443000000000001
2020-07-01,0.6473
2020-07-02,0.6511
2020-07-03,0.6532
2020-07-06,0.6556000000000001
2020-07-07,0.6558999999999999
2020-07-08,0.6574
2020-07-13,0.6573
2020-07-14,0.6532
2020-07-15,0.6566
2020-07-16,0.6532
2020-07-17,0.6556
2020-07-20,0.6571
2020-07-21,0.6645000000000001
2020-07-22,0.6662
2020-07-23,0.6635
2020-07-24,0.6637
2020-07-27,0.6684
2020-07-28,0.6658
2020-07-29,0.6662
2020-07-30,0.6667
2020-07-31,0.6636000000000001
2020-08-03,0.6609
2020-08-04,0.6613000000000001
2020-08-05,0.6646
2020-08-06,0.6673
2020-08-07,0.6598
2020-08-10,0.6589999999999999
2020-08-11,0.6587999999999999
2020-08-12,0.6588999999999999
2020-08-13,0.6556000000000001
2020-08-14,0.6547000000000001
2020-08-18,0.6596
2020-08-19,0.6606
2020-08-20,0.6517
2020-08-21,0.6527999999999999
2020-08-24,0.6536
2020-08-25,0.6544
2020-08-26,0.6608999999999999
2020-08-27,0.6639
2020-08-28,0.6725
2020-08-31,0.6750999999999999
2020-09-01,0.6749999999999999
2020-09-02,0.676
2020-09-03,0.6702000000000001
2020-09-04,0.6724
2020-09-07,0.6691999999999999
2020-09-08,0.6635000000000001
2020-09-09,0.6676000000000001
2020-09-10,0.6663
2020-09-11,0.6647
2020-09-14,0.6708
2020-09-15,0.6714
2020-09-16,0.6739999999999999
2020-09-17,0.6744000000000001
2020-09-18,0.6768000000000001
2020-09-21,0.6664
2020-09-22,0.6633
2020-09-23,0.6558
2020-09-24,0.6556
2020-09-25,0.6541
2020-09-28,0.6557999999999999
2020-09-29,0.6594
2020-09-30,0.6618999999999999
2020-10-01,0.6648000000000001
2020-10-02,0.6626
2020-10-05,0.6634
2020-10-06,0.6626000000000001
2020-10-07,0.6583
2020-10-08,0.6583
2020-10-09,0.6666
2020-10-13,0.6641999999999999
2020-10-14,0.6658000000000001
2020-10-15,0.6591
2020-10-16,0.661
2020-10-19,0.6623
2020-10-20,0.6589999999999999
2020-10-21,0.6674
2020-10-22,0.6683
2020-10-23,0.6678
2020-10-26,0.6678999999999999
2020-10-27,0.672
2020-10-28,0.6653
2020-10-29,0.6613
2020-10-30,0.6602000000000001
2020-11-02,0.6619
2020-11-03,0.6698999999999999
2020-11-04,0.669
2020-11-05,0.6762
2020-11-09,0.6818000000000001
2020-11-10,0.6827
2020-11-11,0.6876000000000001
2020-11-12,0.6852
2020-11-13,0.6845
2020-11-16,0.6894
2020-11-17,0.6890999999999999
2020-11-18,0.6938
2020-11-19,0.6905
2020-11-20,0.6942
2020-11-24,0.6968
2020-11-25,0.701
2020-11-26,0.7001000000000001
2020-11-27,0.7031000000000001
2020-11-30,0.7028
2020-12-01,0.7062999999999999
2020-12-02,0.7059000000000001
2020-12-03,0.7079
2020-12-04,0.7036
2020-12-09,0.7026999999999999
2020-12-10,0.7081000000000001
2020-12-11,0.7079
2020-12-14,0.7089
2020-12-15,0.7092
2020-12-16,0.7078
2020-12-17,0.7152000000000001
2020-12-18,0.7124999999999999
2020-12-21,0.7093999999999999
2020-12-22,0.7041000000000001
2020-12-23,0.7093
2020-12-28,0.7093999999999999
2020-12-29,0.7153
2020-12-30,0.7208
2020-12-31,0.7186
2021-01-04,0.7163999999999999
2021-01-05,0.7254
2021-01-06,0.7291000000000001
2021-01-07,0.7246
2021-01-08,0.7236
2021-01-11,0.718
2021-01-12,0.7190000000000001
2021-01-13,0.7198
2021-01-14,0.7232000000000001
2021-01-15,0.7151000000000001
2021-01-18,0.7109
2021-01-19,0.7116000000000001
2021-01-20,0.7160000000000001
2021-01-21,0.7185999999999999
2021-01-22,0.7177000000000001
2021-01-25,0.7197
2021-01-26,0.7236
2021-01-27,0.7195
2021-01-28,0.7181
2021-01-29,0.7183
2021-02-01,0.7162000000000001
2021-02-02,0.7152
2021-02-03,0.7199
2021-02-04,0.715
2021-02-05,0.7204
2021-02-08,0.7221
2021-02-09,0.7233999999999999
2021-02-10,0.7221
2021-02-11,0.7227
2021-02-12,0.7222
2021-02-17,0.7188
2021-02-18,0.7206
2021-02-19,0.7303
2021-02-22,0.7336999999999999
2021-02-23,0.7331000000000001
2021-02-24,0.7404
2021-02-25,0.7404999999999999
2021-02-26,0.7244
2021-03-01,0.7264
2021-03-02,0.729
2021-03-03,0.7254
2021-03-04,0.7212999999999999
2021-03-05,0.7158999999999999
2021-03-08,0.7139
2021-03-09,0.716
2021-03-10,0.7176
2021-03-11,0.7216
2021-03-12,0.7180000000000001
2021-03-15,0.7198
2021-03-16,0.7192999999999999
2021-03-17,0.7189
2021-03-18,0.719
2021-03-19,0.7174999999999999
2021-03-22,0.7177000000000001
2021-03-23,0.7007
2021-03-25,0.6950000000000001
2021-03-26,0.6986
2021-03-29,0.7006
2021-03-30,0.6979
2021-03-31,0.6993
2021-04-05,0.7062
2021-04-06,0.7041000000000001
2021-04-07,0.702
2021-04-08,0.7051
2021-04-09,0.7042
2021-04-12,0.7031
2021-04-13,0.7048
2021-04-14,0.7142000000000001
2021-04-15,0.717
2021-04-16,0.714
2021-04-19,0.7176
2021-04-20,0.7177
2021-04-21,0.721
2021-04-22,0.7157
2021-04-23,0.7192
2021-04-26,0.724
2021-04-27,0.7208000000000001
2021-04-28,0.7235
2021-04-29,0.7234
2021-04-30,0.7162999999999999
2021-05-03,0.7201000000000001
2021-05-04,0.7141000000000001
2021-05-05,0.7208
2021-05-06,0.7227999999999999
2021-05-07,0.7277000000000001
2021-05-10,0.7287999999999999
2021-05-11,0.727
2021-05-12,0.7162
2021-05-13,0.7173999999999999
2021-05-14,0.7243
2021-05-17,0.7215999999999999
2021-05-18,0.7251000000000001
2021-05-19,0.7189000000000001
2021-05-20,0.7194
2021-05-21,0.7164
2021-05-26,0.7281
2021-05-27,0.7298
2021-05-28,0.7254999999999999
2021-05-31,0.7277
2021-06-01,0.7255999999999999
2021-06-02,0.7235
2021-06-03,0.713
2021-06-04,0.7202000000000001
2021-06-07,0.7239999999999999
2021-06-08,0.7195
2021-06-09,0.7179000000000001
2021-06-10,0.7199
2021-06-11,0.7121000000000001
2021-06-14,0.714
2021-06-15,0.7119000000000001
2021-06-16,0.7099
2021-06-17,0.701
2021-06-18,0.6947
2021-06-22,0.7018000000000001
2021-06-23,0.7047
2021-06-24,0.7065
2021-06-25,0.7063
2021-06-28,0.7042
2021-06-29,0.6990000000000001
2021-06-30,0.6982999999999999
2021-07-01,0.697
2021-07-02,0.7029999999999998
2021-07-05,0.7024000000000001
2021-07-06,0.7017000000000001
2021-07-07,0.7015000000000001
2021-07-08,0.6952
2021-07-12,0.6973999999999999
2021-07-13,0.6942999999999999
2021-07-14,0.7029
2021-07-15,0.6967
2021-07-16,0.7010000000000001
2021-07-19,0.6931999999999999
2021-07-20,0.6914
2021-07-21,0.6969
2021-07-22,0.6970000000000001
2021-07-23,0.6978
2021-07-26,0.6999
2021-07-27,0.6958
2021-07-28,0.6904
2021-07-29,0.7015999999999999
2021-07-30,0.6970000000000001
2021-08-02,0.6973
2021-08-03,0.7007
2021-08-04,0.7051999999999999
2021-08-05,0.7060000000000001
2021-08-06,0.7012999999999999
2021-08-09,0.6998
2021-08-10,0.7005
2021-08-11,0.7049
2021-08-12,0.7006000000000001
2021-08-13,0.7042999999999999
2021-08-17,0.6913
2021-08-18,0.6886000000000001
2021-08-19,0.6829000000000001
2021-08-20,0.6828000000000001
2021-08-23,0.6896999999999999
2021-08-24,0.6944
2021-08-25,0.6966
2021-08-26,0.6947
2021-08-27,0.7011999999999999
2021-08-30,0.7002000000000002
2021-08-31,0.7050000000000001
2021-09-01,0.7071
2021-09-02,0.7113999999999999
2021-09-03,0.7167999999999999
2021-09-06,0.7133999999999999
2021-09-07,0.7100000000000001
2021-09-08,0.7107
2021-09-09,0.7113
2021-09-10,0.7124
2021-09-13,0.7104
2021-09-14,0.7103
2021-09-15,0.7102999999999999
2021-09-16,0.7074
2021-09-17,0.7034999999999999
2021-09-20,0.7027000000000001
2021-09-21,0.7007
2021-09-22,0.7027
2021-09-23,0.7083
2021-09-24,0.7008
2021-09-27,0.7018000000000001
2021-09-28,0.6949000000000001
2021-09-29,0.6864
2021-09-30,0.6896000000000001
2021-10-01,0.6948
2021-10-04,0.6965
2021-10-05,0.6972999999999999
2021-10-06,0.6915
2021-10-07,0.6936000000000001
2021-10-12,0.6932999999999999
2021-10-13,0.6958
2021-10-14,0.7026
2021-10-15,0.7071999999999999
2021-10-18,0.7087
2021-10-19,0.7171
2021-10-20,0.7205
2021-10-21,0.7142999999999999
2021-10-22,0.7144
2021-10-25,0.7165
2021-10-26,0.7159
2021-10-27,0.7183999999999999
2021-10-28,0.7201000000000001
2021-10-29,0.7157
2021-11-01,0.7186
2021-11-02,0.7103
2021-11-03,0.7151
2021-11-04,0.7106
2021-11-05,0.7116
2021-11-08,0.7164999999999999
2021-11-09,0.7126
2021-11-10,0.708
2021-11-11,0.7016
2021-11-12,0.7043
2021-11-15,0.7049000000000001
2021-11-16,0.6992999999999999
2021-11-17,0.7000000000000001
2021-11-18,0.7033
2021-11-19,0.7001999999999999
2021-11-23,0.6946000000000001
2021-11-24,0.6860999999999999
2021-11-25,0.6862999999999999
2021-11-26,0.6825000000000001
2021-11-29,0.6803
2021-11-30,0.6813
2021-12-01,0.6829
2021-12-02,0.6807000000000001
2021-12-03,0.675
2021-12-06,0.675
2021-12-07,0.6774
2021-12-09,0.6789
2021-12-10,0.6798000000000001
2021-12-13,0.6755999999999999
2021-12-14,0.6747000000000001
2021-12-15,0.6737000000000001
2021-12-16,0.6799999999999999
2021-12-17,0.6751
2021-12-20,0.6714
2021-12-21,0.6755
2021-12-22,0.6819
2021-12-23,0.6835
2021-12-27,0.6809999999999999
2021-12-28,0.6794999999999999
2021-12-29,0.6831999999999999
2021-12-30,0.6828
2021-12-31,0.685
2022-01-03,0.6791
2022-01-04,0.6809
2022-01-05,0.6829000000000001
2022-01-06,0.675
2022-01-07,0.6771999999999999
2022-01-10,0.6748999999999999
2022-01-11,0.6774
2022-01-12,0.6849999999999999
2022-01-13,0.6875
2022-01-14,0.6794
2022-01-17,0.6798
2022-01-18,0.6757
2022-01-19,0.6795
2022-01-20,0.6786
2022-01-21,0.6726
2022-01-24,0.6673
2022-01-25,0.6678
2022-01-26,0.6691
2022-01-27,0.6580999999999999
2022-01-28,0.6545
2022-01-31,0.6574000000000001
2022-02-01,0.6632
2022-02-02,0.6636
2022-02-03,0.6664
2022-02-04,0.6605000000000001
2022-02-07,0.6617
2022-02-08,0.6640000000000001
2022-02-09,0.6691
2022-02-10,0.6703
2022-02-11,0.6679999999999999
2022-02-14,0.6623
2022-02-15,0.6635
2022-02-16,0.6673
2022-02-17,0.67
2022-02-18,0.669
2022-02-21,0.6718999999999999
2022-02-22,0.6742
2022-02-23,0.6779999999999999
2022-02-24,0.6657000000000001
2022-02-25,0.6728
2022-03-02,0.6780999999999999
2022-03-03,0.6787000000000001
2022-03-04,0.6864
2022-03-07,0.6828000000000001
2022-03-08,0.6823
2022-03-09,0.6844999999999999
2022-03-10,0.6862999999999999
2022-03-11,0.6812
2022-03-14,0.6755
2022-03-15,0.6761
2022-03-16,0.6796
2022-03-17,0.6897
2022-03-18,0.691
2022-03-21,0.6880999999999999
2022-03-22,0.6953
2022-03-23,0.6966
2022-03-25,0.6962
2022-03-28,0.6893999999999999
2022-03-29,0.6923
2022-03-30,0.698
2022-03-31,0.6939
2022-04-01,0.6908
2022-04-04,0.6955
2022-04-05,0.6964
2022-04-06,0.6924
2022-04-07,0.6895
2022-04-08,0.6847
2022-04-11,0.6826000000000001
2022-04-12,0.6865999999999999
2022-04-13,0.6784
2022-04-18,0.6726
2022-04-19,0.6729999999999999
2022-04-20,0.6805
2022-04-21,0.6736
2022-04-22,0.6627
2022-04-25,0.6608999999999999
2022-04-26,0.6581
2022-04-27,0.6557999999999999
2022-04-28,0.6492999999999999
2022-04-29,0.6474000000000001
2022-05-02,0.6418
2022-05-03,0.6439
2022-05-04,0.6470000000000001
2022-05-05,0.6398
2022-05-06,0.6409
2022-05-09,0.6335
2022-05-10,0.6303
2022-05-11,0.6298
2022-05-12,0.6228
2022-05-13,0.6255999999999999
2022-05-16,0.6294
2022-05-17,0.6356
2022-05-19,0.6406000000000001
2022-05-20,0.6383
2022-05-23,0.6462
2022-05-24,0.6452
2022-05-26,0.6469
2022-05-27,0.6529
2022-05-30,0.6558999999999999
2022-05-31,0.652
2022-06-01,0.6490000000000001
2022-06-02,0.656
2022-06-03,0.6505
2022-06-06,0.6496000000000001
2022-06-07,0.6471
2022-06-08,0.645
2022-06-09,0.6401
2022-06-10,0.6353
2022-06-13,0.628
2022-06-14,0.6214
2022-06-15,0.6257999999999999
2022-06-16,0.6383
2022-06-21,0.6335999999999999
2022-06-22,0.6294
2022-06-23,0.6265000000000001
2022-06-24,0.6314000000000001
2022-06-27,0.6301
2022-06-28,0.6255
2022-06-29,0.6224999999999999
2022-06-30,0.6248999999999999
2022-07-01,0.6203000000000001
2022-07-04,0.6207
2022-07-05,0.6144999999999999
2022-07-06,0.6149
2022-07-07,0.6177999999999999
2022-07-08,0.6181
2022-07-11,0.613
2022-07-12,0.614
2022-07-13,0.6142
2022-07-14,0.6115
2022-07-15,0.6161
2022-07-18,0.6158
2022-07-19,0.6225
2022-07-20,0.6221
2022-07-21,0.6214999999999999
2022-07-22,0.6258
2022-07-25,0.6267999999999999
2022-07-26,0.6232
2022-07-27,0.6208
2022-07-28,0.6274000000000001
2022-07-29,0.6273
2022-08-01,0.633
2022-08-02,0.6269000000000001
2022-08-03,0.6258000000000001
2022-08-04,0.6302
2022-08-05,0.6246
2022-08-08,0.6289
2022-08-09,0.6277
2022-08-10,0.6425
2022-08-11,0.6428999999999999
2022-08-12,0.6448999999999999
2022-08-16,0.6341
2022-08-17,0.628
2022-08-18,0.6253
2022-08-19,0.6179
2022-08-22,0.6161000000000001
2022-08-23,0.6210000000000001
2022-08-24,0.6184
2022-08-25,0.6224999999999999
2022-08-26,0.6146
2022-08-29,0.6159
2022-08-30,0.6134999999999999
2022-08-31,0.6126
2022-09-01,0.6073999999999999
2022-09-05,0.6094999999999999
2022-09-06,0.604
2022-09-07,0.6063999999999999
2022-09-08,0.6059
2022-09-09,0.6103999999999999
2022-09-12,0.6153
2022-09-13,0.6006
2022-09-14,0.6007
2022-09-15,0.5975
2022-09-16,0.5971
2022-09-19,0.5948
2022-09-20,0.5888000000000001
2022-09-21,0.5853
2022-09-22,0.5848
2022-09-23,0.5748
2022-09-26,0.5628000000000001
2022-09-27,0.5631
2022-09-28,0.5720999999999999
2022-09-29,0.5688000000000001
2022-09-30,0.5628000000000001
2022-10-03,0.5712
2022-10-04,0.5721
2022-10-05,0.5720000000000001
2022-10-06,0.5665
2022-10-11,0.5631
2022-10-12,0.5604
2022-10-13,0.5649
2022-10-14,0.5561
2022-10-17,0.5635
2022-10-18,0.5686
2022-10-19,0.5660999999999999
2022-10-20,0.5684
2022-10-21,0.5738000000000001
2022-10-24,0.5680999999999999
2022-10-25,0.5757
2022-10-26,0.5830000000000001
2022-10-27,0.5849
2022-10-28,0.5801999999999999
2022-10-31,0.5816
2022-11-01,0.5847
2022-11-02,0.5901
2022-11-03,0.5778000000000001
2022-11-04,0.5906
2022-11-07,0.5931
2022-11-08,0.5981
2022-11-09,0.5894999999999999
2022-11-10,0.5987
2022-11-11,0.6114
2022-11-14,0.6104
2022-11-15,0.6175999999999999
2022-11-16,0.6151000000000001
2022-11-17,0.6115999999999999
2022-11-18,0.6148
2022-11-22,0.6144000000000001
2022-11-23,0.6221
2022-11-24,0.6269
2022-11-25,0.6235
2022-11-28,0.619
2022-11-29,0.6199999999999999
2022-11-30,0.6235
2022-12-01,0.6377
2022-12-02,0.6398999999999999
2022-12-05,0.6319
2022-12-06,0.6321
2022-12-07,0.6369999999999999
2022-12-12,0.6377999999999999
2022-12-13,0.6466000000000001
2022-12-14,0.6445
2022-12-15,0.6322000000000001
2022-12-16,0.6379
2022-12-19,0.6383
2022-12-20,0.6339
2022-12-21,0.6286
2022-12-22,0.6241
2022-12-23,0.629
2022-12-26,0.6282
2022-12-27,0.6271
2022-12-28,0.6318
2022-12-29,0.6354000000000001
2022-12-30,0.6353
2023-01-02,0.6324
2023-01-03,0.6242
2023-01-04,0.6305
2023-01-05,0.6223
2023-01-06,0.6339
2023-01-09,0.6389
2023-01-10,0.6362
2023-01-11,0.6349
2023-01-12,0.64
2023-01-13,0.6374
2023-01-16,0.6386000000000001
2023-01-17,0.6426
2023-01-18,0.6439
2023-01-19,0.6386999999999999
2023-01-20,0.6467
2023-01-23,0.6478
2023-01-24,0.6509
2023-01-25,0.6466999999999999
2023-01-26,0.647
2023-01-27,0.6488999999999999
2023-01-30,0.6482
2023-01-31,0.6456
2023-02-01,0.6435
2023-02-02,0.6483
2023-02-03,0.6346999999999999
2023-02-06,0.6282
2023-02-07,0.6353
2023-02-08,0.6313
2023-02-09,0.6344
2023-02-10,0.6304000000000001
2023-02-13,0.6358999999999999
2023-02-14,0.6339
2023-02-15,0.6266
2023-02-16,0.6275
2023-02-17,0.6236
2023-02-22,0.6234000000000001
2023-02-23,0.6206999999999999
2023-02-24,0.6163
2023-02-27,0.6168
2023-02-28,0.6204
2023-03-01,0.6262
2023-03-02,0.6203
2023-03-03,0.6215
2023-03-06,0.6189
2023-03-07,0.6123
2023-03-08,0.6107
2023-03-09,0.613
2023-03-10,0.6156
2023-03-13,0.6233
2023-03-14,0.6229
2023-03-15,0.6181
2023-03-16,0.6164
2023-03-17,0.6273
2023-03-20,0.6244000000000001
2023-03-21,0.6177
2023-03-22,0.6216
2023-03-23,0.6271
2023-03-27,0.6189000000000001
2023-03-28,0.6243
2023-03-29,0.6228
2023-03-30,0.6251
2023-03-31,0.6249000000000001
2023-04-03,0.6285
2023-04-04,0.6296999999999999
2023-04-05,0.6315000000000001
2023-04-10,0.6212000000000001
2023-04-11,0.6192000000000001
2023-04-12,0.6214
2023-04-13,0.6309999999999999
2023-04-14,0.6203000000000001
2023-04-17,0.6172
2023-04-18,0.6204
2023-04-19,0.6207
2023-04-20,0.6187
2023-04-21,0.6144000000000001
2023-04-24,0.6158
2023-04-25,0.6136
2023-04-26,0.6119000000000001
2023-04-27,0.6142
2023-04-28,0.6184
2023-05-02,0.6207999999999999
2023-05-03,0.6253
2023-05-04,0.6293
2023-05-05,0.6297
2023-05-08,0.6348
2023-05-09,0.6334
2023-05-10,0.6348999999999999
2023-05-11,0.6294
2023-05-12,0.6188
2023-05-15,0.6237
2023-05-16,0.6228
2023-05-17,0.6263
2023-05-18,0.6211
2023-05-19,0.6285999999999999
2023-05-22,0.6285
2023-05-23,0.6253
2023-05-24,0.6103
2023-05-29,0.6053999999999999
2023-05-30,0.6033999999999999
2023-05-31,0.6009
2023-06-01,0.6068
2023-06-02,0.6062
2023-06-05,0.6077
2023-06-06,0.6068
2023-06-07,0.6039000000000001
2023-06-08,0.6093000000000001
2023-06-09,0.6127
2023-06-12,0.6118
2023-06-13,0.6145
2023-06-14,0.619
2023-06-15,0.6235
2023-06-16,0.6228
2023-06-21,0.6206
2023-06-22,0.6179
2023-06-23,0.6142
2023-06-26,0.617
2023-06-27,0.6172
2023-06-28,0.6084999999999999
2023-06-29,0.6062
2023-06-30,0.6139
2023-07-03,0.6148
2023-07-04,0.6194999999999999
2023-07-05,0.6189
2023-07-06,0.6157
2023-07-07,0.6215
2023-07-10,0.6216999999999999
2023-07-11,0.6190000000000001
2023-07-12,0.6301
2023-07-13,0.6387
2023-07-14,0.6378999999999999
2023-07-17,0.6335999999999999
2023-07-18,0.6274000000000001
2023-07-19,0.6254000000000001
2023-07-20,0.6227
2023-07-21,0.6176
2023-07-24,0.6201
2023-07-25,0.622
2023-07-26,0.6204
2023-07-27,0.6201
2023-07-28,0.6157
2023-07-31,0.622
2023-08-01,0.6135
2023-08-02,0.6088000000000001
2023-08-03,0.6075999999999999
2023-08-04,0.6113999999999999
2023-08-07,0.6107
2023-08-08,0.606
2023-08-09,0.6058
2023-08-10,0.6028
2023-08-11,0.5981
2023-08-14,0.5975
2023-08-15,0.5963
2023-08-16,0.5942000000000001
2023-08-17,0.5924
2023-08-18,0.5938
2023-08-22,0.5944
2023-08-23,0.5980000000000001
2023-08-24,0.5925
2023-08-25,0.5911
2023-08-28,0.5906
2023-08-29,0.5957
2023-08-30,0.5966
2023-08-31,0.5959
2023-09-01,0.5941
2023-09-04,0.5939
2023-09-05,0.5882000000000001
2023-09-06,0.587
2023-09-07,0.5881000000000001
2023-09-08,0.5893
2023-09-11,0.5919
2023-09-12,0.5899000000000001
2023-09-13,0.5921
2023-09-14,0.591
2023-09-15,0.5903999999999999
2023-09-18,0.5915
2023-09-19,0.5932000000000001
2023-09-20,0.5957
2023-09-21,0.5938
2023-09-22,0.5966
2023-09-25,0.5969
2023-09-26,0.5952999999999999
2023-09-27,0.591
2023-09-28,0.5961
2023-09-29,0.5992000000000001
2023-10-02,0.5951
2023-10-03,0.5902000000000001
2023-10-04,0.5908
2023-10-05,0.5964
2023-10-06,0.5992
2023-10-09,0.6019
2023-10-10,0.603
2023-10-11,0.6014999999999999
2023-10-12,0.5927
2023-10-17,0.589
2023-10-18,0.5872999999999999
2023-10-19,0.5856
2023-10-20,0.583
2023-10-23,0.5853
2023-10-24,0.5841000000000001
2023-10-25,0.5809
2023-10-26,0.5822
2023-10-27,0.5813
2023-10-30,0.5835
2023-10-31,0.5818
2023-11-01,0.5842
2023-11-02,0.5892
2023-11-03,0.5992999999999999
2023-11-07,0.5922000000000001
2023-11-08,0.5921000000000001
2023-11-09,0.594
2023-11-10,0.5888
2023-11-13,0.5887
2023-11-14,0.599
2023-11-15,0.6029
2023-11-16,0.5987
2023-11-17,0.5979
2023-11-21,0.6053000000000001
2023-11-22,0.6019
2023-11-23,0.6046
2023-11-24,0.6081
2023-11-27,0.6084
2023-11-28,0.613
2023-11-29,0.6155
2023-11-30,0.6154
2023-12-01,0.6199
2023-12-04,0.6168
2023-12-05,0.6137
2023-12-06,0.6155
2023-12-07,0.6181
2023-12-11,0.6115
2023-12-12,0.6122
2023-12-13,0.6121
2023-12-14,0.6222
2023-12-15,0.6214
2023-12-18,0.621
2023-12-19,0.6268
2023-12-20,0.6283
2023-12-21,0.6276999999999999
2023-12-22,0.6298
2023-12-26,0.6319
2023-12-27,0.6339
2023-12-28,0.6347
2023-12-29,0.6338
2024-01-02,0.6258999999999999
2024-01-03,0.6238
2024-01-04,0.6224999999999999
2024-01-05,0.6244999999999999
2024-01-08,0.6244000000000001
2024-01-09,0.6234
2024-01-10,0.6228
2024-01-11,0.6213000000000001
2024-01-12,0.6244
2024-01-15,0.6202
2024-01-16,0.6134
2024-01-17,0.6104999999999999
2024-01-18,0.6098
2024-01-19,0.6109
2024-01-22,0.6098
2024-01-23,0.6069
2024-01-24,0.6131
2024-01-25,0.6115
2024-01-26,0.6098
2024-01-29,0.6104999999999999
2024-01-30,0.6122
2024-01-31,0.614
2024-02-01,0.6135
2024-02-02,0.6063000000000001
2024-02-05,0.6055
2024-02-06,0.6078
2024-02-07,0.6105999999999999
2024-02-08,0.6092
2024-02-09,0.6144000000000001
2024-02-14,0.6088
2024-02-15,0.6104
2024-02-16,0.6129
2024-02-19,0.6144999999999999
2024-02-20,0.6172999999999998
2024-02-21,0.617
2024-02-22,0.6194000000000001
2024-02-23,0.6196999999999999
2024-02-26,0.6172
2024-02-27,0.6171
2024-02-28,0.6091
2024-02-29,0.6081000000000001
2024-03-01,0.6105
2024-03-04,0.6095999999999999
2024-03-05,0.6091
2024-03-06,0.6134
2024-03-07,0.6171
2024-03-08,0.6175
2024-03-11,0.6164
2024-03-12,0.6144999999999999
2024-03-13,0.6165999999999999
2024-03-14,0.6131
2024-03-15,0.6084
2024-03-18,0.6081
2024-03-19,0.6053000000000001
2024-03-20,0.6056
2024-03-21,0.6042000000000001
2024-03-22,0.5997
2024-03-25,0.6003000000000001
2024-03-26,0.6006
2024-03-27,0.5997
2024-04-03,0.6008
2024-04-04,0.6043000000000001
2024-04-05,0.6013000000000001
2024-04-08,0.6033999999999999
2024-04-09,0.6051000000000001
2024-04-10,0.5982
2024-04-11,0.5996
2024-04-12,0.594
2024-04-15,0.5910000000000001
2024-04-16,0.5882
2024-04-17,0.5916
2024-04-18,0.5902000000000001
2024-04-19,0.5889
2024-04-22,0.5918000000000001
2024-04-23,0.5941000000000001
2024-04-24,0.5933999999999999
2024-04-25,0.5949
2024-04-26,0.5942
2024-04-29,0.5980000000000001
2024-04-30,0.5903999999999999
2024-05-02,0.5955
2024-05-03,0.6013999999999999
2024-05-06,0.6015
2024-05-07,0.6
2024-05-08,0.6001
2024-05-09,0.6023999999999999
2024-05-10,0.6019
2024-05-13,0.6016999999999999
2024-05-14,0.6034
2024-05-15,0.6123
2024-05-16,0.6121
2024-05-17,0.6134
2024-05-20,0.6112
2024-05-21,0.6096
2024-05-22,0.6099
2024-05-23,0.6098
2024-05-24,0.6124999999999999
2024-05-27,0.6151
2024-05-28,0.6143000000000001
2024-05-29,0.6119
2024-05-30,0.6123999999999999
2024-05-31,0.6138
2024-06-03,0.6174000000000001
2024-06-04,0.6178
2024-06-05,0.6189
2024-06-06,0.6203
2024-06-07,0.6111000000000001
2024-06-10,0.6122
2024-06-11,0.614
2024-06-12,0.6204000000000001
2024-06-13,0.6168
2024-06-14,0.6138
2024-06-18,0.6141
2024-06-19,0.613
2024-06-24,0.6122000000000001
2024-06-25,0.6117
2024-06-26,0.6083
2024-06-27,0.6085999999999999
2024-06-28,0.6096999999999999
2024-07-01,0.6072000000000001
2024-07-02,0.6075
2024-07-03,0.6104999999999999
2024-07-04,0.6118
2024-07-05,0.6140000000000001
2024-07-08,0.6133000000000001
2024-07-10,0.6079
2024-07-11,0.6093000000000001
2024-07-12,0.612
2024-07-15,0.6074999999999999
2024-07-16,0.6045
2024-07-17,0.6072000000000001
2024-07-18,0.6056999999999999
2024-07-19,0.6013
2024-07-22,0.5979
2024-07-23,0.5953
2024-07-24,0.5936
2024-07-25,0.5895
2024-07-26,0.5893
2024-07-29,0.5874999999999999
2024-07-30,0.59
2024-07-31,0.5935999999999999
2024-08-01,0.5954
2024-08-02,0.5957
2024-08-05,0.5929
2024-08-06,0.5956
2024-08-07,0.6
2024-08-08,0.6002
2024-08-09,0.6002000000000001
2024-08-12,0.602
2024-08-13,0.607
2024-08-14,0.6
2024-08-15,0.5987
2024-08-16,0.6049000000000001
2024-08-19,0.6105999999999999
2024-08-20,0.6148
2024-08-21,0.6169
2024-08-22,0.6134
2024-08-23,0.6227
2024-08-26,0.6211
2024-08-27,0.6247999999999999
2024-08-28,0.6229
2024-08-29,0.6268
2024-08-30,0.6242
2024-09-02,0.6231
2024-09-03,0.6181
2024-09-04,0.6192
2024-09-05,0.6223000000000001
2024-09-06,0.6173
2024-09-09,0.615
2024-09-10,0.6151
2024-09-11,0.6130000000000001
2024-09-12,0.6168
2024-09-13,0.6159
2024-09-16,0.619
2024-09-17,0.6183000000000001
2024-09-18,0.6256999999999999
2024-09-19,0.625
2024-09-20,0.6238
2024-09-23,0.6274
2024-09-24,0.633
2024-09-25,0.6273
2024-09-26,0.6328
2024-09-27,0.6347
2024-09-30,0.6372
2024-10-01,0.6288999999999999
2024-10-02,0.6269
2024-10-03,0.6216999999999999
2024-10-04,0.6159
2024-10-07,0.6126
2024-10-08,0.6119
2024-10-09,0.6056999999999999
2024-10-10,0.6083000000000001
2024-10-14,0.6090000000000001
2024-10-15,0.6076
2024-10-16,0.6059
2024-10-17,0.6063
2024-10-18,0.6068
2024-10-21,0.6036
2024-10-22,0.6052
2024-10-23,0.5994999999999999
2024-10-24,0.6013
2024-10-25,0.5979
2024-10-28,0.5974999999999999
2024-10-29,0.5962999999999999
2024-10-30,0.5982
2024-10-31,0.5962
2024-11-01,0.5964999999999999
2024-11-04,0.5982000000000001
2024-11-05,0.6000000000000001
2024-11-07,0.6026
2024-11-08,0.5962
2024-11-11,0.5958
2024-11-12,0.5913999999999999
2024-11-13,0.5882999999999999
2024-11-14,0.5876
2024-11-15,0.5866
2024-11-19,0.5901000000000001
2024-11-20,0.5874
2024-11-21,0.5867
2024-11-22,0.5831
2024-11-25,0.5841000000000001
2024-11-26,0.5821
2024-11-27,0.5902
2024-11-28,0.5891
2024-11-29,0.5922999999999999
2024-12-02,0.5879
2024-12-03,0.589
2024-12-04,0.5866
2024-12-05,0.5871
2024-12-06,0.5829
2024-12-09,0.5875
2024-12-10,0.5796
2024-12-11,0.5785
2024-12-12,0.5784
2024-12-13,0.5757
2024-12-16,0.5781000000000001
2024-12-17,0.5761
2024-12-18,0.5721
2024-12-19,0.5641
2024-12-20,0.5663
2024-12-23,0.5648
2024-12-26,0.5626
2024-12-27,0.5627000000000001
2024-12-30,0.5642
2024-12-31,0.5591999999999999
2025-01-02,0.5594
2025-01-03,0.5606
2025-01-06,0.5640000000000001
2025-01-07,0.5645
2025-01-08,0.5605
2025-01-09,0.5597
2025-01-10,0.5562
2025-01-13,0.5559
2025-01-14,0.5591
2025-01-15,0.5613
2025-01-16,0.5612
2025-01-17,0.5590999999999999
2025-01-20,0.5656
2025-01-21,0.5664
2025-01-22,0.5667
2025-01-23,0.5684
2025-01-24,0.5717
2025-01-27,0.568
2025-01-28,0.5662999999999999
2025-01-29,0.5654
2025-01-30,0.5652
2025-01-31,0.5674
2025-02-03,0.5588000000000001
2025-02-04,0.5646
2025-02-05,0.5694
2025-02-06,0.5675
2025-02-07,0.5653
2025-02-10,0.5647
2025-02-11,0.5653
2025-02-12,0.5662
2025-02-13,0.565
2025-02-14,0.5736
2025-02-17,0.5739000000000001
2025-02-18,0.57
2025-02-19,0.5700999999999999
2025-02-20,0.5761
2025-02-21,0.5748
2025-02-24,0.5743
2025-02-25,0.5717
2025-02-26,0.5704
2025-02-27,0.5641
2025-02-28,0.5598
2025-03-05,0.5715
2025-03-06,0.5743
2025-03-07,0.5698
2025-03-10,0.5708
2025-03-11,0.571
2025-03-12,0.5725
2025-03-13,0.5697
2025-03-14,0.5746
2025-03-17,0.582
2025-03-18,0.5818
2025-03-19,0.5790000000000001
2025-03-20,0.5749
2025-03-21,0.5737
2025-03-25,0.5737
2025-03-26,0.573
2025-03-27,0.574
2025-03-28,0.5720000000000001
2025-03-31,0.567
2025-04-01,0.5693
2025-04-03,0.58
2025-04-04,0.5586
2025-04-07,0.5548
2025-04-08,0.5556000000000001
2025-04-09,0.5644
2025-04-10,0.5749
2025-04-11,0.5808
2025-04-14,0.5879
2025-04-15,0.5901
2025-04-16,0.5914
2025-04-21,0.5998
2025-04-22,0.5985
2025-04-23,0.596
2025-04-24,0.5986
2025-04-25,0.5963999999999999
2025-04-28,0.5963
2025-04-29,0.5943
2025-04-30,0.5932999999999999
2025-05-05,0.5962000000000001
2025-05-06,0.6001
2025-05-07,0.5968
2025-05-08,0.5909
2025-05-09,0.5917
2025-05-12,0.5851000000000001
2025-05-13,0.5939
2025-05-14,0.5908
2025-05-15,0.5869
2025-05-16,0.5874999999999999
2025-05-19,0.5919
2025-05-20,0.5919000000000001
2025-05-21,0.5951
2025-05-22,0.5901
2025-05-23,0.5986
2025-05-26,0.6001000000000001
2025-05-27,0.5948
2025-05-28,0.596
2025-05-29,0.5983
2025-05-30,0.5973
2025-06-02,0.6021
2025-06-03,0.6004
2025-06-04,0.6036
2025-06-05,0.6045
2025-06-06,0.6019
2025-06-09,0.6052000000000001
2025-06-10,0.604
2025-06-11,0.6044
2025-06-12,0.606
2025-06-13,0.6028
2025-06-17,0.6019
2025-06-18,0.6046999999999999
2025-06-19,0.5982
2025-06-23,0.5968
2025-06-24,0.6022000000000001
2025-06-25,0.603
2025-06-26,0.6071
2025-06-27,0.6049
2025-06-30,0.6087
2025-07-01,0.6091
2025-07-02,0.6081000000000001
2025-07-03,0.6065
2025-07-04,0.6055
2025-07-07,0.5998
2025-07-08,0.6002
2025-07-10,0.6023999999999999
2025-07-11,0.6010000000000001
2025-07-14,0.5972999999999999
2025-07-15,0.5943999999999999
2025-07-16,0.5945
2025-07-17,0.5925
2025-07-18,0.5965
2025-07-21,0.5975
2025-07-22,0.5997
2025-07-23,0.6037
2025-07-24,0.6042000000000001
2025-07-25,0.6012
2025-07-28,0.5969
2025-07-29,0.5953999999999999
2025-07-30,0.5925
2025-07-31,0.5889
2025-08-01,0.5894
2025-08-04,0.5903999999999999
2025-08-05,0.5899
2025-08-06,0.5936
2025-08-07,0.5946
2025-08-08,0.5954
2025-08-11,0.5936
2025-08-12,0.5953999999999999
2025-08-13,0.5971
2025-08-14,0.5917
2025-08-18,0.5919
2025-08-19,0.5901
2025-08-20,0.5832
2025-08-21,0.5821
2025-08-22,0.5871
2025-08-25,0.5858
2025-08-26,0.5861999999999999
2025-08-27,0.5863
2025-08-28,0.5889
2025-08-29,0.5899
2025-09-01,0.59
2025-09-02,0.5862
2025-09-03,0.5875
2025-09-04,0.5836
2025-09-05,0.5892
2025-09-08,0.5932000000000001
2025-09-09,0.5925
2025-09-10,0.5949
2025-09-11,0.5972
2025-09-12,0.5956
2025-09-15,0.5974
2025-09-16,0.5988
2025-09-17,0.5988
2025-09-18,0.5882
2025-09-19,0.5858
2025-09-22,0.5869
2025-09-23,0.5856
2025-09-24,0.5812
2025-09-25,0.5765
2025-09-26,0.5772
2025-09-29,0.5779
2025-09-30,0.5798
2025-10-01,0.5811999999999999
2025-10-02,0.5818
2025-10-03,0.5829
2025-10-06,0.5841000000000001
2025-10-07,0.5803999999999999
2025-10-08,0.5776
2025-10-09,0.5745
2025-10-13,0.5732
2025-10-14,0.5718
2025-10-15,0.5713
2025-10-16,0.5731
2025-10-17,0.5725
2025-10-20,0.5747
2025-10-21,0.5745
2025-10-22,0.5739
2025-10-23,0.5754
2025-10-24,0.5747
2025-10-27,0.5764
2025-10-28,0.5786
2025-10-29,0.579
2025-10-30,0.5745
2025-10-31,0.5718
2025-11-03,0.5708
2025-11-04,0.5656
2025-11-05,0.5659
2025-11-07,0.5624
2025-11-10,0.5645
2025-11-11,0.5659000000000001
2025-11-12,0.5665
2025-11-13,0.5673
2025-11-14,0.5681
2025-11-17,0.5669
2025-11-18,0.5663
2025-11-19,0.5597
2025-11-20,0.5594
2025-11-25,0.5623
2025-11-26,0.5692999999999999
2025-11-27,0.5724
2025-11-28,0.5739
2025-12-01,0.5736
2025-12-02,0.5727
2025-12-03,0.5772
2025-12-04,0.5773
2025-12-05,0.5776
2025-12-09,0.5778
2025-12-10,0.5788
2025-12-11,0.5818
2025-12-12,0.5804
2025-12-15,0.5789
2025-12-16,0.5788
2025-12-17,0.5779000000000001
2025-12-18,0.5772999999999999
2025-12-19,0.5759
2025-12-22,0.5798
2025-12-23,0.583
2025-12-26,0.583
2025-12-29,0.5803
2025-12-30,0.5803
2025-12-31,0.5756
2026-01-02,0.5767
2026-01-05,0.5786
2026-01-06,0.5784
2026-01-07,0.5781
2026-01-08,0.575
2026-01-09,0.5726
2026-01-12,0.5767
2026-01-13,0.574
2026-01-14,0.5741999999999999
2026-01-15,0.5744
2026-01-16,0.575
2026-01-19,0.5796
2026-01-20,0.5841
2026-01-21,0.5844
2026-01-22,0.5907
2026-01-23,0.5932999999999999
2026-01-26,0.5991
2026-01-27,0.6016
2026-01-28,0.6034
2026-01-29,0.606
2026-01-30,0.6032000000000001
2026-02-02,0.6003999999999999
2026-02-03,0.6044
2026-02-04,0.599
2026-02-05,0.5986
2026-02-06,0.6024
2026-02-09,0.605
2026-02-10,0.6043999999999999
2026-02-11,0.6059
2026-02-12,0.6034
2026-02-13,0.6046
2026-02-18,0.5985999999999999
2026-02-19,0.5968
2026-02-20,0.597
2026-02-23,0.5963
2026-02-24,0.597
2026-02-25,0.5996
2026-02-26,0.5959
2026-02-27,0.5998
2026-03-02,0.594
2026-03-03,0.5882
2026-03-04,0.593
2026-03-05,0.5881
2026-03-06,0.5894
2026-03-09,0.5915
2026-03-10,0.5955
2026-03-11,0.5912999999999999
2026-03-12,0.5858
2026-03-13,0.5796
2026-03-16,0.585
2026-03-17,0.5865
2026-03-18,0.5848
2026-03-19,0.5849
2026-03-20,0.5837
2026-03-25,0.5820000000000001
2026-03-26,0.5758
2026-03-27,0.5741
2026-03-30,0.5715
2026-03-31,0.573
2026-04-01,0.5758
2026-04-06,0.5712
2026-04-07,0.5711999999999999
2026-04-08,0.5829
2026-04-09,0.5867
2026-04-10,0.5840000000000001
2026-04-13,0.5861999999999999
2026-04-14,0.5909
2026-04-15,0.5907
2026-04-16,0.5886
2026-04-17,0.5902
2026-04-20,0.589
2026-04-21,0.5896
2026-04-22,0.5908
2026-04-23,0.5866
2026-04-24,0.5877
2026-04-27,0.5913
2026-04-28,0.5888
2026-04-29,0.5835
2026-04-30,0.5895
2026-05-04,0.5873
2026-05-05,0.5892
2026-05-06,0.5956
2026-05-07,0.5955
2026-05-08,0.5961
2026-05-11,0.5965
2026-05-12,0.5945999999999999
2026-05-13,0.5932000000000001
2026-05-14,0.5917
2026-05-15,0.5846
2026-05-18,0.5871000000000001
2026-05-19,0.584
2026-05-20,0.5868
2026-05-21,0.5887
2026-05-22,0.586
2026-05-26,0.5832
2026-05-27,0.5891
2026-05-28,0.5933
2026-05-29,0.5981000000000001
2026-06-01,0.5942000000000001
2026-06-02,0.5921
2026-06-03,0.5863999999999999
2026-06-04,0.5875
2026-06-05,0.5802
2026-06-08,0.5814
2026-06-09,0.5820000000000001
2026-06-10,0.5817
2026-06-11,0.5816
2026-06-12,0.5833
2026-06-16,0.5838
2026-06-17,0.5791999999999999
2026-06-18,0.5754
2026-06-19,0.5740000000000001
2026-06-22,0.5714
2026-06-23,0.5668
2026-06-24,0.5639
2026-06-25,0.565
2026-06-26,0.5640000000000001
2026-06-29,0.5652
2026-06-30,0.5677
2026-07-01,0.5675
2026-07-02,0.5694
2026-07-03,0.5709000000000001
2026-07-06,0.5699
2026-07-07,0.569
2026-07-08,0.5701
2026-07-13,0.5754
2026-07-14,0.581
2026-07-15,0.5859
2026-07-16,0.5838
2026-07-17,0.5843
2026-07-20,0.5846
2026-07-21,0.5832999999999999
2026-07-22,0.5815
2026-07-23,0.5771000000000001
2026-07-24,0.5791
2026-07-27,0.5775
2026-07-28,0.5788
2026-07-29,0.5801000000000001
2026-07-30,0.5881
2026-07-31,0.5887
2026-08-03,0.5861000000000001
2026-08-04,0.589
2026-08-05,0.5889
2026-08-06,0.5869
2026-08-07,0.5893
2026-08-10,0.5882999999999999
2026-08-11,0.5881
2026-08-12,0.5855
2026-08-13,0.5847
2026-08-14,0.5885
2026-08-18,0.5873
2026-08-19,0.5927
2026-08-20,0.5942
2026-08-21,0.5983
2026-08-24,0.5953999999999999
2026-08-25,0.5972999999999999
2026-08-26,0.5943
2026-08-27,0.595
