,RUB
2015-03-11,0.0161527856898712
2015-03-12,0.0162984054669703
2015-03-13,0.0161024706819993
2015-03-16,0.0160495274962996
2015-03-17,0.0162781381586434
2015-03-18,0.0164919804345353
2015-03-19,0.016646008642256
2015-03-20,0.016858961245596
2015-03-25,0.017498011589592
2015-03-26,0.0174437883261412
2015-03-27,0.0174021566401816
2015-03-30,0.0173356397459165
2015-03-31,0.0171949671276354
2015-04-01,0.017391072844681
2015-04-06,0.0180933076661759
2015-04-07,0.0182004300588501
2015-04-08,0.0186796742449949
2015-04-09,0.0191862068965517
2015-04-10,0.0187938983050847
2015-04-13,0.0190168247515808
2015-04-14,0.0196130051930458
2015-04-15,0.0200556056846379
2015-04-16,0.020134671779833
2015-04-17,0.0191014999436111
2015-04-20,0.01876744448202
2015-04-21,0.0187596348884381
2015-04-22,0.0191461876337425
2015-04-23,0.0196764209341586
2015-04-24,0.0195740157480314
2015-04-27,0.019272287802136
2015-04-28,0.0195243340451837
2015-04-29,0.0196615367333183
2015-04-30,0.0194155158863814
2015-05-04,0.0191992818671454
2015-05-05,0.0197896153414825
2015-05-06,0.019651199282672
2015-05-07,0.0197909009412819
2015-05-08,0.0196639784946236
2015-05-11,0.0193859845516623
2015-05-12,0.0198803715308863
2015-05-13,0.0203574944071588
2015-05-14,0.0200010062611806
2015-05-15,0.0202513691740248
2015-05-18,0.0203627834245504
2015-05-19,0.0201632060727841
2015-05-20,0.0200794465521089
2015-05-21,0.0200370205173951
2015-05-22,0.0200205105339427
2015-05-26,0.0196328803742481
2015-05-27,0.0192960035622843
2015-05-28,0.0189463610060093
2015-05-29,0.0190987544483985
2015-06-01,0.0187099822143174
2015-06-02,0.018934340628819
2015-06-03,0.0184467636282891
2015-06-04,0.0178658157602663
2015-06-05,0.0176351231417794
2015-06-08,0.0177795520070969
2015-06-09,0.017988030588496
2015-06-10,0.0183906301916048
2015-06-11,0.0182881975199291
2015-06-12,0.0181118734093172
2015-06-15,0.0183208715850016
2015-06-16,0.0186306943830163
2015-06-17,0.018464861878453
2015-06-18,0.018758064516129
2015-06-19,0.0185093860424028
2015-06-22,0.0185802891513078
2015-06-23,0.0185470490899062
2015-06-24,0.0183492115999558
2015-06-25,0.0183095999118262
2015-06-26,0.0181788940295219
2015-06-29,0.0180300561488494
2015-06-30,0.0181373239436619
2015-07-01,0.017937864291213
2015-07-02,0.0180628778718258
2015-07-03,0.0179109182776801
2015-07-06,0.0176639218269653
2015-07-07,0.0174970375246872
2015-07-08,0.0173656503619214
2015-07-10,0.0177540552389302
2015-07-13,0.0177072743207712
2015-07-14,0.0177043363994743
2015-07-15,0.0175781985334354
2015-07-16,0.0175721942682126
2015-07-17,0.0175360813470369
2015-07-20,0.0175565511965905
2015-07-21,0.0175662953254696
2015-07-22,0.0175049667066914
2015-07-23,0.0172789961811238
2015-07-24,0.0171176919720767
2015-07-27,0.0168620952796249
2015-07-28,0.0166542819786445
2015-07-29,0.0170669788717055
2015-07-30,0.0167621639272885
2015-07-31,0.0162889009793253
2015-08-03,0.0158082653616095
2015-08-04,0.0158803260869565
2015-08-05,0.0157302552960347
2015-08-06,0.015548593766967
2015-08-07,0.0157225960494899
2015-08-10,0.015880694143167
2015-08-11,0.0155550016256638
2015-08-12,0.0155705774022316
2015-08-13,0.0154504709321208
2015-08-14,0.0154713203463203
2015-08-18,0.0151959978366684
2015-08-19,0.0150598854177926
2015-08-20,0.014909022150189
2015-08-21,0.014494384449244
2015-08-24,0.0142692349196072
2015-08-25,0.0144153364969801
2015-08-26,0.0144786076085785
2015-08-27,0.0150076475657044
2015-08-28,0.0153145317545748
2015-08-31,0.0156646944922547
2015-09-01,0.0150908211521926
2015-09-02,0.0149182599355531
2015-09-03,0.0149063003112589
2015-09-04,0.0147269899163269
2015-09-07,0.0144804068522483
2015-09-08,0.0147437078290671
2015-09-09,0.0146466181506849
2015-09-10,0.0148057754010695
2015-09-11,0.0147652341244387
2015-09-14,0.0148654770808847
2015-09-15,0.0149481046449546
2015-09-16,0.0153013552449044
2015-09-17,0.0153060680388183
2015-09-18,0.0150973140055425
2015-09-21,0.0151162245658889
2015-09-22,0.015098392077521
2015-09-23,0.0150678867844222
2015-09-24,0.0151344108889834
2015-09-25,0.0152638460720739
2015-09-28,0.0151342189160467
2015-09-29,0.0152748513169073
2015-09-30,0.0152842284016132
2015-10-01,0.0152209968186638
2015-10-02,0.015130006357279
2015-10-05,0.0154182549767047
2015-10-06,0.0156940006348534
2015-10-07,0.0159548434856175
2015-10-08,0.0162142706131078
2015-10-09,0.0161905969360802
2015-10-13,0.0159433185560481
2015-10-14,0.0159670851355628
2015-10-15,0.016194643610291
2015-10-16,0.0163106427818756
2015-10-19,0.0160739102969046
2015-10-20,0.0160723905723905
2015-10-21,0.0158805593523288
2015-10-22,0.0159346226613411
2015-10-23,0.0160283613445378
2015-10-26,0.015875616668416
2015-10-27,0.0153744886184831
2015-10-28,0.0157149297546655
2015-10-29,0.0155721022846363
2015-10-30,0.0157359103289335
2015-11-02,0.015687702773417
2015-11-03,0.0159707174231332
2015-11-04,0.015822607605516
2015-11-05,0.0158504175365344
2015-11-09,0.0154788776468133
2015-11-10,0.0154713422259274
2015-11-11,0.0153259398104758
2015-11-12,0.0150247529901196
2015-11-13,0.0149723607647547
2015-11-16,0.0151856772184743
2015-11-17,0.0154242895664799
2015-11-18,0.0152768449419568
2015-11-19,0.0154837941389665
2015-11-20,0.0155146876292925
2015-11-23,0.0151848635235732
2015-11-24,0.0152848873268554
2015-11-25,0.0152458152510849
2015-11-26,0.015176689398636
2015-11-30,0.0150573905862923
2015-12-01,0.0150277376778717
2015-12-02,0.0148693995262127
2015-12-03,0.0147630658436213
2015-12-04,0.0146732785200411
2015-12-09,0.0143775677896466
2015-12-10,0.0144997436160393
2015-12-11,0.0142080221017087
2015-12-14,0.0141875127733496
2015-12-15,0.0143166428717112
2015-12-16,0.0141793201709749
2015-12-17,0.0140894029850746
2015-12-18,0.0140956226415094
2015-12-21,0.0140356143079315
2015-12-22,0.0140345146379044
2015-12-23,0.0143286482334869
2015-12-24,0.0142117737003058
2015-12-28,0.013872923076923
2015-12-29,0.0138519632801049
2015-12-30,0.0136119069624152
2015-12-31,0.0137134969325153
2016-01-04,0.0136654545454545
2016-01-05,0.013638315018315
2016-01-06,0.0134122390208783
2016-01-07,0.0133912949640287
2016-01-08,0.0133635446685878
2016-01-11,0.0131200732600732
2016-01-12,0.0129721771217712
2016-01-13,0.0130716395864106
2016-01-14,0.0131032452830188
2016-01-15,0.0128426865671641
2016-01-18,0.0126155604719764
2016-01-19,0.012717423678332
2016-01-20,0.0122127407407407
2016-01-21,0.0121476470588235
2016-01-22,0.012732774945375
2016-01-25,0.0125908761766835
2016-01-26,0.0128324187725631
2016-01-27,0.0128912824207492
2016-01-28,0.013051950867052
2016-01-29,0.0132526504297994
2016-02-01,0.0129224345364472
2016-02-02,0.0126475415634948
2016-02-03,0.0128098870056497
2016-02-04,0.0131069571328179
2016-02-05,0.0129354501775642
2016-02-10,0.0127496551724137
2016-02-11,0.0124596994535519
2016-02-12,0.0127672097759674
2016-02-15,0.0128796621621621
2016-02-16,0.0128757244911713
2016-02-17,0.0133014676450967
2016-02-18,0.0131279548472775
2016-02-19,0.0129266932270916
2016-02-22,0.0133118032786885
2016-02-23,0.0131555555555555
2016-02-24,0.0131111400651465
2016-02-25,0.0131712800519818
2016-02-26,0.0131245636716224
2016-02-29,0.0133373417721518
2016-03-01,0.0136198101265822
2016-03-02,0.0136369093231162
2016-03-03,0.0136515131578947
2016-03-04,0.0139121710526315
2016-03-07,0.0140280428432327
2016-03-08,0.0137504045569292
2016-03-09,0.0140490566037735
2016-03-10,0.013941329856584
2016-03-11,0.0143173063973063
2016-03-14,0.0142300675675675
2016-03-15,0.0140704545454545
2016-03-16,0.0142030116358658
2016-03-17,0.014689431438127
2016-03-18,0.0146218157181571
2016-03-21,0.0147242570836212
2016-03-22,0.0148797081306462
2016-03-23,0.0146528275862068
2016-03-28,0.0145999999999999
2016-03-29,0.0146714969241285
2016-03-30,0.0146980136986301
2016-03-31,0.0149141496598639
2016-04-01,0.0148169033130493
2016-04-04,0.0146078750848608
2016-04-05,0.0144847411444141
2016-04-06,0.0147225342465753
2016-04-07,0.0146871458189357
2016-04-08,0.0148989640883977
2016-04-11,0.0149993112947658
2016-04-12,0.0152975441023867
2016-04-13,0.0151323376172282
2016-04-14,0.0151586880669923
2016-04-15,0.0150578647686832
2016-04-18,0.0150522630834512
2016-04-19,0.015114658210007
2016-04-20,0.0153027196652719
2016-04-21,0.0150493342676944
2016-04-22,0.0150408391608391
2016-04-25,0.0149937194696441
2016-04-26,0.0152155835080363
2016-04-27,0.0152488372093023
2016-04-28,0.0155590209790209
2016-04-29,0.0154264561403508
2016-05-02,0.0153280479210711
2016-05-03,0.0150342253521126
2016-05-04,0.0150011938202247
2016-05-05,0.0151034410112359
2016-05-06,0.0151825475017593
2016-05-09,0.0150471373375482
2016-05-10,0.0151123366587045
2016-05-11,0.0153579169598874
2016-05-12,0.0153973888496824
2016-05-13,0.015366219081272
2016-05-16,0.0154254792388767
2016-05-17,0.0154211456859971
2016-05-18,0.0153054120976299
2016-05-19,0.0149548226950354
2016-05-20,0.014964303526897
2016-05-23,0.0149593280914939
2016-05-24,0.0149950177935943
2016-05-26,0.0152285101822079
2016-05-27,0.0151252155172413
2016-05-30,0.0152065046461758
2016-05-31,0.0151049960689014
2016-06-01,0.0134122580645161
2016-06-02,0.0128971223021582
2016-06-03,0.0139130748682405
2016-06-06,0.0153116920842411
2016-06-07,0.0154593930635838
2016-06-08,0.0156843165467625
2016-06-09,0.0155656295224312
2016-06-10,0.0153286231884057
2016-06-13,0.0152189855072463
2016-06-14,0.0151534545454545
2016-06-15,0.0153300109130592
2016-06-16,0.0152446839080459
2016-06-21,0.0156156048675733
2016-06-22,0.0153585643212508
2016-06-23,0.0156232525951557
2016-06-24,0.0153868050904219
2016-06-27,0.0152664705882352
2016-06-28,0.0155106711409395
2016-06-29,0.0156814419225634
2016-06-30,0.0156805851063829
2016-07-01,0.0133913333333333
2016-07-04,0.0146871181938911
2016-07-05,0.0151130405405405
2016-07-06,0.0154594079618917
2016-07-07,0.0154983361629881
2016-07-11,0.0155946721311475
2016-07-12,0.0156882554945054
2016-07-13,0.015647288949897
2016-07-14,0.0159075983717774
2016-07-15,0.0157788628762541
2016-07-18,0.0159224422442244
2016-07-19,0.0157217333333333
2016-07-20,0.0156760451227604
2016-07-21,0.0155559999999999
2016-07-22,0.0154263581488933
2016-07-25,0.0152828093645484
2016-07-26,0.0151551839464882
2016-07-27,0.0150606
2016-07-28,0.0149955452127659
2016-07-29,0.0151443704197201
2016-08-01,0.0128691895512391
2016-08-02,0.0149800673400673
2016-08-03,0.015050168123739
2016-08-04,0.0148989225589225
2016-08-05,0.0151130493576741
2016-08-08,0.0155137014314928
2016-08-09,0.0154350033852403
2016-08-10,0.0154617586912065
2016-08-11,0.015569031377899
2016-08-12,0.0154080436264485
2016-08-16,0.015688002726653
2016-08-17,0.0155615696887686
2016-08-18,0.0157215528781793
2016-08-19,0.0156596728784019
2016-08-22,0.0154615124915597
2016-08-23,0.0155076819407008
2016-08-24,0.0153464333781965
2016-08-25,0.0154427803895231
2016-08-26,0.0154405333333333
2016-08-29,0.0154236423841059
2016-08-30,0.0153153231179213
2016-08-31,0.0153058271935699
2016-09-01,0.0133783892617449
2016-09-02,0.0125934623082054
2016-09-05,0.015047137150466
2016-09-06,0.0155631158455392
2016-09-07,0.0156588704318936
2016-09-08,0.0154354346383543
2016-09-09,0.0154480640854472
2016-09-12,0.0155038795986622
2016-09-13,0.0152801999999999
2016-09-14,0.0153666666666666
2016-09-15,0.0154380225613802
2016-09-16,0.0153799735624586
2016-09-19,0.0154623762376237
2016-09-20,0.0154221928665786
2016-09-21,0.0155899603698811
2016-09-22,0.0157012002110261
2016-09-23,0.0156164446788869
2016-09-26,0.0156710629921259
2016-09-27,0.01562722513089
2016-09-28,0.0156840805717998
2016-09-29,0.0157857560975609
2016-09-30,0.0159470280862181
2016-10-03,0.0146541625534715
2016-10-04,0.0148990112063282
2016-10-05,0.0160455562870309
2016-10-06,0.0153373438527284
2016-10-07,0.0156588738887059
2016-10-11,0.015933355306526
2016-10-12,0.0158635700066357
2016-10-13,0.0158781390430875
2016-10-14,0.0158700494233937
2016-10-17,0.0158485984998026
2016-10-18,0.0158870988953182
2016-10-19,0.016068641000329
2016-10-20,0.016006862421643
2016-10-21,0.0160659398744631
2016-10-24,0.0160670804172718
2016-10-25,0.0161195009848982
2016-10-26,0.0158841828345938
2016-10-27,0.0159103730064584
2016-10-28,0.0158446346280447
2016-10-31,0.015779405940594
2016-11-01,0.0151010281923714
2016-11-02,0.0151791528788881
2016-11-03,0.0153443708609271
2016-11-04,0.0149808100929614
2016-11-07,0.01559926910299
2016-11-08,0.0155653047555257
2016-11-09,0.0154247319034852
2016-11-10,0.0159332667997338
2016-11-11,0.0152151594014313
2016-11-14,0.0150854313099041
2016-11-15,0.0154983870967741
2016-11-16,0.0155010967741935
2016-11-17,0.015467118863049
2016-11-18,0.0154658694246929
2016-11-21,0.0156369840753981
2016-11-22,0.0156419417475728
2016-11-23,0.0155303088803088
2016-11-24,0.0155222651222651
2016-11-25,0.015425860405275
2016-11-29,0.0153061146496815
2016-11-30,0.0156019662213259
2016-12-01,0.0151083333333333
2016-12-02,0.0149777289836888
2016-12-05,0.0149617541427761
2016-12-06,0.0152695351758793
2016-12-07,0.0156853033145716
2016-12-12,0.0164462258265751
2016-12-13,0.0165092696981084
2016-12-14,0.0162757044458359
2016-12-15,0.0161832706766917
2016-12-16,0.0160269182389937
2016-12-19,0.0161585858585858
2016-12-20,0.0162793190416141
2016-12-21,0.0163652944901836
2016-12-22,0.0163991099809281
2016-12-23,0.0163423243208362
2016-12-26,0.0164009652509652
2016-12-27,0.0164734405144694
2016-12-28,0.0166132698412698
2016-12-29,0.0165479658463083
2016-12-30,0.0163320956576463
2017-01-02,0.0163220477386934
2017-01-03,0.0164035747883349
2017-01-04,0.0165534825870646
2017-01-05,0.0167778195488721
2017-01-06,0.016807779886148
2017-01-09,0.016704060434372
2017-01-10,0.0166250473186119
2017-01-11,0.0167904100946372
2017-01-12,0.0168355471220746
2017-01-13,0.0167665426102315
2017-01-16,0.0167252518891687
2017-01-17,0.0168426676723867
2017-01-18,0.0168271048513302
2017-01-19,0.0167062264150943
2017-01-20,0.0167078856424756
2017-01-23,0.0167987452948557
2017-01-24,0.0168903327055869
2017-01-25,0.0168263867126292
2017-01-26,0.016535552763819
2017-01-27,0.0166837735849056
2017-01-30,0.0167092336683417
2017-01-31,0.0166324463735295
2017-02-01,0.0163220253164556
2017-02-02,0.016897512755102
2017-02-03,0.0169601152368758
2017-02-06,0.0169654626108998
2017-02-07,0.0168538437001594
2017-02-08,0.0168925039872408
2017-02-09,0.0169743754003843
2017-02-10,0.0171381595881595
2017-02-13,0.0172063287051985
2017-02-14,0.0174496444731738
2017-02-15,0.0174483723958333
2017-02-16,0.0173779073534175
2017-02-17,0.0171055484693877
2017-02-20,0.0172408670704494
2017-02-21,0.0173367713004484
2017-02-22,0.0172437520077096
2017-02-23,0.0173065161290322
2017-02-24,0.0171297803617571
2017-03-01,0.0163960440985732
2017-03-02,0.0169592857142857
2017-03-03,0.0170940453074433
2017-03-06,0.0171519379844961
2017-03-07,0.0172102250803858
2017-03-08,0.0170441674656439
2017-03-09,0.0168409529942047
2017-03-10,0.0169328811369509
2017-03-13,0.0169985842985843
2017-03-14,0.0168513035082072
2017-03-15,0.0169745022479126
2017-03-16,0.0173151320025756
2017-03-17,0.0174767994858611
2017-03-20,0.0174246960972488
2017-03-21,0.0173419871794871
2017-03-22,0.0172963223536936
2017-03-23,0.0173989737010904
2017-03-27,0.0175489238676517
2017-03-28,0.0175393229501866
2017-03-29,0.0176643551523007
2017-03-30,0.0178395197923426
2017-03-31,0.0177695906432748
2017-04-03,0.0171712244235141
2017-04-04,0.0177992182410423
2017-04-05,0.0177786095560473
2017-04-06,0.0177862248213125
2017-04-07,0.0174689475399152
2017-04-10,0.0174779750164365
2017-04-11,0.0175201441205371
2017-04-12,0.0176306780776826
2017-04-17,0.0178666447368421
2017-04-18,0.0178180273220471
2017-04-19,0.0176671428571428
2017-04-20,0.0178148677626876
2017-04-21,0.0177046481601032
2017-04-24,0.0178945419103313
2017-04-25,0.0178129701686121
2017-04-26,0.0175196901226597
2017-04-27,0.0175147211413748
2017-04-28,0.0175583766233766
2017-05-02,0.0169483660130718
2017-05-03,0.0171712230215827
2017-05-04,0.017779033311561
2017-05-05,0.0172195185426154
2017-05-08,0.0171725274725274
2017-05-09,0.0170995169082125
2017-05-10,0.0173988394584139
2017-05-11,0.0175262066731454
2017-05-12,0.0175031088082901
2017-05-15,0.0177472633612363
2017-05-16,0.0177174582798459
2017-05-17,0.0175700832799487
2017-05-18,0.0173626875
2017-05-19,0.0176060436137071
2017-05-22,0.0176757491504479
2017-05-23,0.0177647607209446
2017-05-24,0.0177094468614046
2017-05-26,0.0176721424109931
2017-05-29,0.0177215845290081
2017-05-30,0.0176827244582043
2017-05-31,0.0176310559006211
2017-06-01,0.0168031755915317
2017-06-02,0.016965875
2017-06-05,0.0172602063144732
2017-06-06,0.0177106183635227
2017-06-07,0.0175118198874296
2017-06-08,0.0175832075471698
2017-06-09,0.0175361809045226
2017-06-12,0.0175257142857142
2017-06-13,0.0175681560730018
2017-06-14,0.0174449552840408
2017-06-15,0.017280225281602
2017-06-16,0.0173086658354114
2017-06-19,0.0171278637770897
2017-06-21,0.0165672626387176
2017-06-22,0.016692722205017
2017-06-23,0.0168204636785162
2017-06-26,0.0169674632352941
2017-06-27,0.016862987804878
2017-06-28,0.016866018237082
2017-06-29,0.0168029696969696
2017-06-30,0.0169746241731809
2017-07-03,0.017210238095238
2017-07-04,0.017471470761961
2017-07-05,0.0172602100350058
2017-07-06,0.0175062646370023
2017-07-07,0.0165581272084805
2017-07-10,0.0166028243601059
2017-07-11,0.0164504117647058
2017-07-12,0.0166654669892029
2017-07-13,0.0167023598820059
2017-07-14,0.0169076557863501
2017-07-17,0.016852451269935
2017-07-18,0.0168878488372093
2017-07-19,0.0169613994169096
2017-07-20,0.0169830813953488
2017-07-21,0.0168786452353616
2017-07-24,0.0166511761331038
2017-07-25,0.0166711670480549
2017-07-26,0.0167465142857142
2017-07-27,0.0167878117913832
2017-07-28,0.0167879145587408
2017-07-31,0.0166876984126984
2017-08-01,0.0167006938125568
2017-08-02,0.0168960227272727
2017-08-03,0.0170522920203735
2017-08-04,0.017462648556876
2017-08-07,0.0165606779661016
2017-08-08,0.0167205890650567
2017-08-09,0.0166330508474576
2017-08-10,0.0166647656691134
2017-08-11,0.0167119706380575
2017-08-14,0.0167228838295388
2017-08-15,0.0167240187463386
2017-08-16,0.0167967460778617
2017-08-17,0.0169150345622119
2017-08-18,0.0169266357845975
2017-08-22,0.016939976757699
2017-08-23,0.016938363319791
2017-08-24,0.0168972109238814
2017-08-25,0.0170443089430894
2017-08-28,0.0171023215322112
2017-08-29,0.0170224202356999
2017-08-30,0.0170929269695227
2017-08-31,0.0172294049682264
2017-09-01,0.017356453488372
2017-09-04,0.017462681369704
2017-09-05,0.0171001740139211
2017-09-06,0.016148219544846
2017-09-07,0.0165606976744186
2017-09-08,0.0166347093023255
2017-09-11,0.0174932361516035
2017-09-12,0.0173269478617457
2017-09-13,0.0172908611599297
2017-09-14,0.0173964685108887
2017-09-15,0.0173727245949926
2017-09-18,0.0172115103710195
2017-09-19,0.017160268378063
2017-09-20,0.0172837696335078
2017-09-21,0.0172949044585987
2017-09-22,0.0173406701328711
2017-09-25,0.0173836093660765
2017-09-26,0.0172964163822525
2017-09-27,0.0171875854214123
2017-09-28,0.0172522584333905
2017-09-29,0.0173692085499711
2017-10-02,0.017488084984209
2017-10-03,0.0174414585127763
2017-10-04,0.0174783084634441
2017-10-05,0.017405285837403
2017-10-06,0.0175321295500143
2017-10-09,0.0174475372279496
2017-10-10,0.0172515925394548
2017-10-11,0.0172813755884716
2017-10-12,0.0173410278495549
2017-10-13,0.0174803966789667
2017-10-17,0.0174260744159215
2017-10-18,0.0174011527377521
2017-10-19,0.0174314040114613
2017-10-20,0.0173875430539609
2017-10-23,0.0173893195521102
2017-10-24,0.0173510285714285
2017-10-25,0.0172982275586049
2017-10-26,0.0172808607021517
2017-10-27,0.0171992624113475
2017-10-30,0.0172597740112994
2017-10-31,0.017149815916171
2017-11-01,0.0177747870528109
2017-11-02,0.0176823630136986
2017-11-03,0.0178095238095238
2017-11-07,0.016453314447592
2017-11-08,0.0167105593607305
2017-11-09,0.0174901512988866
2017-11-10,0.0172807659331237
2017-11-13,0.0168303428571428
2017-11-14,0.0166178857142857
2017-11-15,0.0166305142857142
2017-11-16,0.0167780828185769
2017-11-17,0.0169268515870746
2017-11-21,0.0169024585477415
2017-11-22,0.0170662076878944
2017-11-23,0.0171167623421354
2017-11-24,0.0171502593659942
2017-11-27,0.0171001732101616
2017-11-28,0.0171301468471062
2017-11-29,0.017036556671449
2017-11-30,0.0171115284599826
2017-12-01,0.0173766686012768
2017-12-04,0.0175770095073465
2017-12-05,0.0176564488143435
2017-12-06,0.0175280788177339
2017-12-07,0.0166770254629629
2017-12-11,0.0169035382830626
2017-12-12,0.0168737752161383
2017-12-13,0.0170050259965337
2017-12-14,0.0169902005730659
2017-12-15,0.0169996003425635
2017-12-18,0.017045076835515
2017-12-19,0.017045076835515
2017-12-20,0.0170394707207207
2017-12-21,0.0170822055137844
2017-12-22,0.0171289429994465
2017-12-26,0.0173380965366784
2017-12-27,0.0172732696897374
2017-12-28,0.0173656770833333
2017-12-29,0.0173707437396107
2018-01-02,0.0173888647474198
2018-01-03,0.0175030631607481
2018-01-04,0.0175902308105206
2018-01-05,0.0175458112407211
2018-01-08,0.0175067787703625
2018-01-09,0.0175481246698362
2018-01-10,0.0175510204081632
2018-01-11,0.0176712453233564
2018-01-12,0.0176728196896736
2018-01-15,0.0177372935535428
2018-01-16,0.0177009523809523
2018-01-17,0.017648222811671
2018-01-18,0.017697191308956
2018-01-19,0.0176465385627796
2018-01-22,0.0176875065287788
2018-01-23,0.017707887251099
2018-01-24,0.0177722646310432
2018-01-25,0.0179272494887525
2018-01-26,0.0178115482881962
2018-01-29,0.0177360061287027
2018-01-30,0.0177487649605296
2018-01-31,0.0177649872773536
2018-02-01,0.0173807017543859
2018-02-02,0.0177334701205437
2018-02-05,0.0175492299794661
2018-02-06,0.0175482106339468
2018-02-07,0.0173706524498603
2018-02-08,0.0171485227841762
2018-02-09,0.0170531031031031
2018-02-14,0.0175532663316582
2018-02-15,0.0176765005086469
2018-02-16,0.0177375506072874
2018-02-19,0.0177398994974874
2018-02-20,0.0177104282115868
2018-02-21,0.0176630865746549
2018-02-22,0.017689573934837
2018-02-23,0.0177539539539539
2018-02-26,0.017914207920792
2018-02-27,0.0177990099009901
2018-02-28,0.0177785678766782
2018-03-01,0.0174929780159793
2018-03-02,0.0176862358164775
2018-03-05,0.0176975259772389
2018-03-06,0.017647099311701
2018-03-07,0.0175563449289563
2018-03-08,0.0175155697445972
2018-03-09,0.0176413333333333
2018-03-12,0.0175921287128712
2018-03-13,0.0175513847675568
2018-03-14,0.0174969352446861
2018-03-15,0.0173908577045957
2018-03-16,0.017379405940594
2018-03-19,0.0172936138613861
2018-03-20,0.0173618554157414
2018-03-21,0.0174856438085841
2018-03-22,0.0175151050679851
2018-03-23,0.0175030708271421
2018-03-26,0.0174632986627043
2018-03-27,0.0174316243554145
2018-03-28,0.0173019504690059
2018-04-03,0.0176013379583746
2018-04-04,0.0173882556987115
2018-04-05,0.0173259405940594
2018-04-06,0.0171992071357779
2018-04-09,0.0165870232788509
2018-04-10,0.0159004464285714
2018-04-11,0.0159874057913526
2018-04-12,0.0161421573478476
2018-04-13,0.0161370425321463
2018-04-16,0.016106824925816
2018-04-17,0.0162138255698711
2018-04-18,0.0163678172336727
2018-04-19,0.0163830853174603
2018-04-20,0.0163068350668647
2018-04-23,0.0161627344521224
2018-04-24,0.0162650049358341
2018-04-25,0.0160421192968595
2018-04-26,0.0159310948905109
2018-04-27,0.0160998052580331
2018-05-02,0.017573679245283
2018-05-03,0.0176872173913043
2018-05-04,0.0173299082568807
2018-05-07,0.015916985428051
2018-05-08,0.0157673660714285
2018-05-09,0.015819102112676
2018-05-10,0.0162182018510357
2018-05-11,0.0161410146173688
2018-05-14,0.0161747098839535
2018-05-15,0.0160380873180873
2018-05-16,0.0162120625771922
2018-05-17,0.0160811266447368
2018-05-18,0.0160550552599263
2018-05-21,0.0162324408544835
2018-05-22,0.0163612438220757
2018-05-23,0.0162672114402451
2018-05-24,0.0162545528455284
2018-05-28,0.0160380412788344
2018-05-29,0.0159096215780998
2018-05-30,0.0161105495387083
2018-05-31,0.0159921874999999
2018-06-01,0.0175655255255255
2018-06-04,0.017195634761714
2018-06-05,0.0160108974358974
2018-06-06,0.0161486345381526
2018-06-07,0.0160009605763458
2018-06-08,0.0160247333069932
2018-06-11,0.0159068076923076
2018-06-12,0.0158612427184466
2018-06-13,0.0160304615384615
2018-06-14,0.0160464620938628
2018-06-15,0.0158303703703703
2018-06-18,0.0157810732414793
2018-06-19,0.0156872118155619
2018-06-21,0.0157106181818181
2018-06-22,0.0159128100703443
2018-06-25,0.015916795865633
2018-06-26,0.0158529151291512
2018-06-27,0.0158268221574344
2018-06-28,0.015895587188612
2018-06-29,0.0159307798960138
2018-07-02,0.0173962544169611
2018-07-03,0.0175532374100719
2018-07-04,0.0172107944424652
2018-07-05,0.0159344385026737
2018-07-06,0.0159797491039426
2018-07-10,0.0161795396419437
2018-07-11,0.0160250821467688
2018-07-12,0.0160615130370914
2018-07-13,0.0159754502021315
2018-07-16,0.0160426535087719
2018-07-17,0.0160076588021778
2018-07-18,0.0158751721139213
2018-07-19,0.0157475413379444
2018-07-20,0.0157243292240754
2018-07-23,0.0158569152787834
2018-07-24,0.0158155021834061
2018-07-25,0.0158570646221248
2018-07-26,0.0159067493615468
2018-07-27,0.0159214272644098
2018-07-30,0.0160679508347092
2018-07-31,0.0160216709230207
2018-08-01,0.017686357856494
2018-08-02,0.0171454644808743
2018-08-03,0.0175001832172957
2018-08-06,0.0160291620929381
2018-08-07,0.0158743931374338
2018-08-08,0.0153690054249547
2018-08-09,0.0150374244041266
2018-08-10,0.0147590427350427
2018-08-13,0.0147088053467
2018-08-14,0.0150313407632556
2018-08-15,0.0148598
2018-08-16,0.0149443029490616
2018-08-17,0.0148607370184254
2018-08-21,0.0148796333333333
2018-08-22,0.0146508429752066
2018-08-23,0.0146614627746802
2018-08-24,0.0148633980582524
2018-08-27,0.0147888924765902
2018-08-28,0.0147314194577352
2018-08-29,0.0147042058823529
2018-08-30,0.014681329787234
2018-08-31,0.0148272455902306
2018-09-03,0.017635614973262
2018-09-04,0.0165748456790123
2018-09-05,0.0158809635416666
2018-09-06,0.016148219544846
2018-09-07,0.0159883752365504
2018-09-10,0.0141897271268057
2018-09-11,0.0143585303497535
2018-09-12,0.014485202614379
2018-09-13,0.0146530973451327
2018-09-14,0.0146836176618163
2018-09-17,0.0147092081963066
2018-09-18,0.0148265334373662
2018-09-19,0.0149609028309104
2018-09-20,0.0150624607329842
2018-09-21,0.0150265141318977
2018-09-24,0.0151912868632707
2018-09-25,0.0151859842519685
2018-09-26,0.0151816670994546
2018-09-27,0.0153196725440806
2018-09-28,0.0152816484848484
2018-10-01,0.0173855555555555
2018-10-02,0.0173094225721784
2018-10-03,0.0172997081453966
2018-10-04,0.0159198433420365
2018-10-05,0.0162182082452431
2018-10-08,0.0147575628006413
2018-10-09,0.0141821120689655
2018-10-10,0.0149995167785234
2018-10-11,0.0151086956521739
2018-10-12,0.0150845170068027
2018-10-16,0.0152977499999999
2018-10-17,0.0152764787175234
2018-10-18,0.0151854024556616
2018-10-19,0.0152809523809523
2018-10-22,0.0153305814591332
2018-10-23,0.0152651544137742
2018-10-24,0.0152745135135135
2018-10-25,0.0152522152758901
2018-10-26,0.015208306188925
2018-10-29,0.0152240108401084
2018-10-30,0.0152391991283029
2018-10-31,0.0151818915159944
2018-11-01,0.0164287917017101
2018-11-02,0.016404226542688
2018-11-05,0.0161598597475455
2018-11-07,0.0160383795906924
2018-11-08,0.0161482253521126
2018-11-09,0.0143609039548022
2018-11-12,0.0147821528948847
2018-11-13,0.014734535367545
2018-11-14,0.0148851810584958
2018-11-15,0.0151165048543689
2018-11-16,0.015154077372669
2018-11-20,0.0151325317855168
2018-11-21,0.015243000965384
2018-11-22,0.0152291506849315
2018-11-23,0.0151072340425531
2018-11-26,0.0148859411011523
2018-11-27,0.0148655771725032
2018-11-28,0.0149459958398335
2018-11-29,0.0151227465535524
2018-12-03,0.0160343835616438
2018-12-04,0.0162442513368984
2018-12-05,0.0163338050734312
2018-12-06,0.0161416710875331
2018-12-07,0.0160557754010695
2018-12-10,0.0150888210302708
2018-12-11,0.0147832319492197
2018-12-12,0.0150814844373503
2018-12-13,0.0150726407613005
2018-12-14,0.0149789363374377
2018-12-17,0.0149837428123366
2018-12-18,0.0148867746994249
2018-12-19,0.0148949439666406
2018-12-20,0.0146522470433639
2018-12-21,0.0144957998683344
2018-12-26,0.0145045854922279
2018-12-27,0.0143689817232376
2018-12-28,0.0143763129973474
2018-12-31,0.0143441114058355
2019-01-02,0.0143441168658698
2019-01-03,0.0145832576769025
2019-01-04,0.0148047899384533
2019-01-07,0.015002707411875
2019-01-08,0.0149698138297872
2019-01-09,0.0149795557934171
2019-01-10,0.014910733549083
2019-01-11,0.0149533062330623
2019-01-14,0.0149227567567567
2019-01-15,0.0149204582210242
2019-01-16,0.0150696266666666
2019-01-17,0.0150629541235746
2019-01-18,0.0150771953166577
2019-01-21,0.0150642705570291
2019-01-22,0.0150504929389821
2019-01-23,0.0151292066027689
2019-01-24,0.0151929144385026
2019-01-25,0.0151582230623818
2019-01-28,0.0150895289367429
2019-01-29,0.0151422281167108
2019-01-30,0.0151699813383097
2019-01-31,0.0152499598393574
2019-02-01,0.0145479956954533
2019-02-04,0.0152414627588061
2019-02-05,0.0152494892473118
2019-02-06,0.0151980810234541
2019-02-07,0.0151312004230565
2019-02-08,0.0152114398943196
2019-02-11,0.0151901345291479
2019-02-12,0.0151748618057383
2019-02-13,0.015186420722135
2019-02-14,0.0149531658817373
2019-02-15,0.0150421284308648
2019-02-18,0.0151100515463917
2019-02-19,0.0152001782531194
2019-02-20,0.0152649105117217
2019-02-21,0.0152555021502656
2019-02-22,0.0153037990821009
2019-02-25,0.0152480985428564
2019-02-26,0.015194185747363
2019-02-27,0.0152122617207624
2019-02-28,0.015187356321839
2019-03-01,0.0145901281085154
2019-03-06,0.0151575214723926
2019-03-07,0.0151089647058823
2019-03-08,0.0150641262135922
2019-03-11,0.0151566101694915
2019-03-12,0.0152419999999999
2019-03-13,0.0152907038834951
2019-03-14,0.0152563404464066
2019-03-15,0.01540725
2019-03-18,0.015533325
2019-03-19,0.0155354814814814
2019-03-20,0.0155579436964504
2019-03-21,0.0156599269183922
2019-03-22,0.0154614354066985
2019-03-25,0.0156010218631178
2019-03-26,0.0155286350844277
2019-03-27,0.0154432186004103
2019-03-28,0.0153966995186798
2019-03-29,0.0152185467128027
2019-04-01,0.0147973776633107
2019-04-03,0.0152084441334266
2019-04-04,0.0152856945404284
2019-04-05,0.0153125199180514
2019-04-08,0.0154179862700228
2019-04-09,0.0154050057670126
2019-04-10,0.0155417809811671
2019-04-11,0.0154745730994152
2019-04-12,0.015550640113798
2019-04-15,0.0155493032196059
2019-04-16,0.0156032790752535
2019-04-17,0.0156633412887828
2019-04-22,0.0156719632768361
2019-04-23,0.0156939622641509
2019-04-24,0.0155236632536973
2019-04-25,0.0154737861915367
2019-04-26,0.0154247117685447
2019-04-29,0.0155099830795262
2019-04-30,0.0154913929784824
2019-05-02,0.0152489508928571
2019-05-03,0.0152045229522952
2019-05-06,0.0153321388577827
2019-05-07,0.0152899624972424
2019-05-08,0.0153824168514412
2019-05-09,0.0153393812154696
2019-05-10,0.0153473660714285
2019-05-13,0.0152765410199556
2019-05-14,0.0154058038692461
2019-05-15,0.0154778222222222
2019-05-16,0.0154810225496762
2019-05-17,0.0154425777777777
2019-05-20,0.015491790219075
2019-05-21,0.0155248380612016
2019-05-22,0.0155369042316258
2019-05-23,0.015409248170326
2019-05-24,0.0155036144578313
2019-05-27,0.0155243032329988
2019-05-28,0.0154701275453121
2019-05-29,0.0153813273340832
2019-05-30,0.0153589001122334
2019-05-31,0.0153069481680071
2019-06-03,0.0151569645642968
2019-06-04,0.016141646164169
2019-06-05,0.0153349888641425
2019-06-06,0.0153588025817939
2019-06-07,0.0154185284280936
2019-06-10,0.0154537861915367
2019-06-11,0.0155003803131991
2019-06-12,0.0154905885046942
2019-06-13,0.0154956882637768
2019-06-14,0.0155355697066181
2019-06-18,0.0156133854645814
2019-06-19,0.0156650115473441
2019-06-21,0.0158134610890394
2019-06-24,0.0159530395852968
2019-06-25,0.0158874469089193
2019-06-26,0.0158819564708635
2019-06-27,0.0158515456674473
2019-06-28,0.0158444057179191
2019-07-01,0.0150060892140665
2019-07-02,0.015125971563981
2019-07-03,0.0151106828455864
2019-07-04,0.0153134321223709
2019-07-05,0.015285495818399
2019-07-10,0.0158326398852223
2019-07-11,0.0159002398081534
2019-07-12,0.0158791346153846
2019-07-15,0.0159584433962264
2019-07-16,0.0158722925457102
2019-07-17,0.0159037176470588
2019-07-18,0.0158796230859835
2019-07-19,0.0158842998585572
2019-07-22,0.0158529564193168
2019-07-23,0.0158362869198312
2019-07-24,0.0158062981105668
2019-07-25,0.0158114364768273
2019-07-26,0.0157706805074971
2019-07-29,0.01575318275154
2019-07-30,0.0157437969496926
2019-07-31,0.0157844348222424
2019-08-01,0.0150668394950405
2019-08-02,0.0152113773796192
2019-08-05,0.01538214992306
2019-08-06,0.016141655629139
2019-08-07,0.0157140162316297
2019-08-08,0.0153649933657673
2019-08-09,0.0152821657458563
2019-08-12,0.0152707547169811
2019-08-13,0.0153998387096774
2019-08-14,0.0151328145695364
2019-08-15,0.0151106899563318
2019-08-16,0.015049909090909
2019-08-20,0.0150493515981735
2019-08-21,0.0151886950199927
2019-08-22,0.0152477763659466
2019-08-23,0.0151351586582048
2019-08-26,0.0151401519262072
2019-08-27,0.0150175488454706
2019-08-28,0.0150064199655765
2019-08-29,0.0150450086355785
2019-08-30,0.0149804738699378
2019-09-02,0.0150768035714285
2019-09-03,0.0161482136477313
2019-09-04,0.0154029285714285
2019-09-05,0.0153398143188716
2019-09-06,0.0154346112504478
2019-09-09,0.015269260978222
2019-09-10,0.0153056061417604
2019-09-11,0.0152586685653257
2019-09-12,0.0154492156862745
2019-09-13,0.0155414542862234
2019-09-16,0.0156469438521677
2019-09-17,0.0155384424778761
2019-09-18,0.0155964260438782
2019-09-19,0.0156464380413646
2019-09-20,0.0156130933474501
2019-09-23,0.0156608573436401
2019-09-24,0.0156483207314928
2019-09-25,0.0155803155127081
2019-09-26,0.0155637825554972
2019-09-27,0.0154697313328681
2019-09-30,0.0154078659489494
2019-10-01,0.015536988202637
2019-10-02,0.0155368384641992
2019-10-03,0.015659622380045
2019-10-04,0.0155428373462671
2019-10-07,0.0158304460580912
2019-10-08,0.0161482108902333
2019-10-09,0.0153105707880669
2019-10-10,0.0155118834080717
2019-10-11,0.0155852713178294
2019-10-15,0.0155685773125107
2019-10-16,0.0156033454445739
2019-10-17,0.0156206210668907
2019-10-18,0.0156596058269066
2019-10-21,0.0156895573406255
2019-10-22,0.0157219778346121
2019-10-23,0.0156561016949152
2019-10-24,0.0156080740117745
2019-10-25,0.0156846474412402
2019-10-28,0.0156843697478991
2019-10-29,0.0156442239784765
2019-10-30,0.0156160415271265
2019-10-31,0.0156001005530417
2019-11-01,0.0156562845188284
2019-11-04,0.0156210385259631
2019-11-05,0.0161482145850796
2019-11-07,0.0158978691275167
2019-11-08,0.0153233109243697
2019-11-11,0.0156577814845704
2019-11-12,0.0155847403685092
2019-11-13,0.0155461152042866
2019-11-14,0.0156136470194239
2019-11-15,0.0156923412099882
2019-11-19,0.0156776847043055
2019-11-20,0.0156300519002176
2019-11-21,0.0156935953177257
2019-11-22,0.0156609335787184
2019-11-25,0.0156268464243845
2019-11-26,0.0156297464130797
2019-11-27,0.0156223858122804
2019-11-28,0.0155972263993316
2019-11-29,0.0155503503503503
2019-12-02,0.0154392663609837
2019-12-03,0.0154900125156445
2019-12-04,0.0155224949899799
2019-12-05,0.0155371342835708
2019-12-06,0.015421054387721
2019-12-09,0.0154497789640503
2019-12-10,0.0161482205513784
2019-12-11,0.0155870935384101
2019-12-12,0.0159245506979854
2019-12-13,0.0158990738264009
2019-12-16,0.0160161330769873
2019-12-17,0.0160190420463094
2019-12-18,0.0159612973334447
2019-12-19,0.016034339212572
2019-12-20,0.0160753824291565
2019-12-23,0.0160896816136022
2019-12-26,0.0160833194189347
2019-12-27,0.0161088417182015
2019-12-30,0.0161328268492235
2019-12-31,0.0161155618634162
2020-01-02,0.0161822452562066
2020-01-03,0.0161359190838418
2020-01-06,0.0161851542255287
2020-01-07,0.0161286132241076
2020-01-08,0.0163640056841929
2020-01-09,0.016319535233637
2020-01-10,0.0163890597833355
2020-01-13,0.0163367973311092
2020-01-14,0.0162750749250749
2020-01-15,0.0162658882402001
2020-01-16,0.0162239599833263
2020-01-17,0.0162400299975002
2020-01-20,0.0162319846819846
2020-01-21,0.0162020632279534
2020-01-22,0.0161353421008823
2020-01-23,0.0161155792276964
2020-01-24,0.0160824915544757
2020-01-27,0.0158802227023433
2020-01-28,0.0160333333333333
2020-01-29,0.0159569483646023
2020-01-30,0.0157574605809128
2020-01-31,0.0156729577464788
2020-02-03,0.0156847693070944
2020-02-04,0.0158936117530538
2020-02-05,0.0158984155801287
2020-02-06,0.0158130169714944
2020-02-07,0.0156007568279039
2020-02-10,0.0155807996326543
2020-02-11,0.0157973788838168
2020-02-12,0.0158187786833036
2020-02-13,0.0157508511296812
2020-02-14,0.0157167379879269
2020-02-17,0.0157580794240217
2020-02-18,0.0156469949077227
2020-02-19,0.0157378217693466
2020-02-20,0.0155952192137759
2020-02-21,0.0156239589902812
2020-02-26,0.0152910499444346
2020-02-27,0.0151828803167093
2020-02-28,0.0149083909339334
2020-03-02,0.0156798053293499
2020-03-03,0.0151913206759858
2020-03-04,0.0150896422328773
2020-03-05,0.0147819093545234
2020-03-06,0.0146163732394366
2020-03-09,0.0133286582440428
2020-03-10,0.0139348607582802
2020-03-11,0.0137955002393489
2020-03-12,0.0134866362087903
2020-03-13,0.0136678484554603
2020-03-16,0.013478957470772
2020-03-17,0.0132565409392361
2020-03-18,0.0121675667140375
2020-03-19,0.0125951155801035
2020-03-20,0.0125701270189744
2020-03-25,0.0128128181108508
2020-03-26,0.0128730168615422
2020-03-27,0.0126631216134391
2020-03-30,0.0125216770851106
2020-04-01,0.0126929907483457
2020-04-02,0.0128386897404202
2020-04-03,0.0130337390232629
2020-04-06,0.0131617633482074
2020-04-07,0.0132728488220197
2020-04-08,0.0132438459177409
2020-04-13,0.0135735546038543
2020-04-14,0.0136346870229007
2020-04-15,0.0133436809460674
2020-04-16,0.0134384393063583
2020-04-17,0.0135137412693592
2020-04-20,0.0133555016671718
2020-04-21,0.0128891965501588
2020-04-22,0.0131403442548693
2020-04-23,0.0133687273823884
2020-04-24,0.0133825982236941
2020-04-27,0.0134174207124605
2020-04-28,0.0134793486417529
2020-04-29,0.0136675805243445
2020-04-30,0.0134273339317773
2020-05-04,0.0132906917675183
2020-05-05,0.0135729701492537
2020-05-06,0.0134693591654247
2020-05-07,0.0135459294537877
2020-05-08,0.0136029879589713
2020-05-11,0.0135873237345999
2020-05-12,0.0136560480284613
2020-05-13,0.0134991856677524
2020-05-14,0.013567223536369
2020-05-15,0.0135937250848959
2020-05-18,0.0137371276909466
2020-05-19,0.0138035051546391
2020-05-20,0.0140201470588235
2020-05-21,0.0140975620502276
2020-05-22,0.0139580375476679
2020-05-26,0.0141161710853962
2020-05-27,0.0141030134581626
2020-05-28,0.0142150913075237
2020-05-29,0.0141570615698861
2020-06-01,0.0144360338044586
2020-06-02,0.0145578081793043
2020-06-03,0.0146020781863101
2020-06-04,0.0144649492017416
2020-06-05,0.0145905638498333
2020-06-08,0.0146366242038216
2020-06-09,0.014575596356802
2020-06-10,0.0145645827317354
2020-06-11,0.0143145145000721
2020-06-12,0.0142811734179039
2020-06-16,0.0143559115069673
2020-06-17,0.0143444954786852
2020-06-18,0.0143018210496128
2020-06-19,0.0143602435530085
2020-06-22,0.0144805916821494
2020-06-23,0.0145279023275738
2020-06-24,0.0143897860199714
2020-06-25,0.0144770096921322
2020-06-26,0.0143340928510395
2020-06-29,0.0142521164772727
2020-06-30,0.0140461254612546
2020-07-01,0.0141242058990357
2020-07-02,0.0141745820345707
2020-07-03,0.0139875849377123
2020-07-06,0.013929553798362
2020-07-07,0.0140154931564837
2020-07-08,0.0140258669297998
2020-07-13,0.014148905109489
2020-07-14,0.0140718934081346
2020-07-15,0.0140963985426008
2020-07-16,0.01398681041725
2020-07-17,0.0139115137101287
2020-07-20,0.0140162991906223
2020-07-21,0.0141688510875627
2020-07-22,0.0140494984675397
2020-07-23,0.0140349387527839
2020-07-24,0.0139436300417246
2020-07-27,0.0139506936736958
2020-07-28,0.0137974494039367
2020-07-29,0.0137440858725761
2020-07-30,0.0136496540271242
2020-07-31,0.0134835591814159
2020-08-03,0.013646442360728
2020-08-04,0.013613476643241
2020-08-05,0.013701060313963
2020-08-06,0.0136259147180192
2020-08-07,0.0135551188676652
2020-08-10,0.0136098012337217
2020-08-11,0.0137269863013698
2020-08-12,0.0135862833675564
2020-08-13,0.0137125290657912
2020-08-14,0.0137041416074357
2020-08-18,0.0136571798365122
2020-08-19,0.0136773952095808
2020-08-20,0.0135334965320277
2020-08-21,0.0133713509105735
2020-08-24,0.013410809711108
2020-08-25,0.0132710879284649
2020-08-26,0.0132401299756295
2020-08-27,0.01332480389505
2020-08-28,0.0135044324324324
2020-08-31,0.0134791318414667
2020-09-01,0.0135799326599326
2020-09-02,0.0132847012917115
2020-09-03,0.0132855203011562
2020-09-04,0.0132786539494895
2020-09-07,0.0132060415271265
2020-09-08,0.0131282693079909
2020-09-09,0.0132729436939949
2020-09-10,0.0133191074291822
2020-09-11,0.0133142437591776
2020-09-14,0.0132887247071352
2020-09-15,0.0133465886421066
2020-09-16,0.0133506046511627
2020-09-17,0.0132870817843866
2020-09-18,0.0132324091270894
2020-09-21,0.0131079110993517
2020-09-22,0.0131369861202908
2020-09-23,0.0129946513470681
2020-09-24,0.0129922143045658
2020-09-25,0.0127801318391562
2020-09-28,0.0126444911911648
2020-09-29,0.0126560168155543
2020-09-30,0.0128806379627198
2020-10-01,0.0129300721311475
2020-10-02,0.0127923846653671
2020-10-05,0.0127864043630697
2020-10-06,0.012820835495589
2020-10-07,0.0127968616262482
2020-10-08,0.0129317079496822
2020-10-09,0.0130230848995463
2020-10-13,0.0129710060699987
2020-10-14,0.0128911202891068
2020-10-15,0.0128068800826126
2020-10-16,0.0128375515995872
2020-10-19,0.0128878576952822
2020-10-20,0.0129295957775489
2020-10-21,0.0130164758842443
2020-10-22,0.013066150102459
2020-10-23,0.0131118904390119
2020-10-26,0.0130735624840276
2020-10-27,0.0129641634738186
2020-10-28,0.0126703613842421
2020-10-29,0.0126500255427841
2020-10-30,0.0125846399387129
2020-11-02,0.0124076756894141
2020-11-03,0.0126225896363866
2020-11-04,0.0128577628748576
2020-11-05,0.0130078508217446
2020-11-09,0.0131172400756143
2020-11-10,0.0130626463552813
2020-11-11,0.0130096238520568
2020-11-12,0.0129509175465057
2020-11-13,0.0129143699059561
2020-11-16,0.0130976866324871
2020-11-17,0.0131221014492753
2020-11-18,0.0131745352464129
2020-11-19,0.0131063403089187
2020-11-20,0.0131187927815805
2020-11-24,0.0132401115241635
2020-11-25,0.0132279490035895
2020-11-26,0.0132154283595005
2020-11-27,0.0131571728136178
2020-11-30,0.0130849956954864
2020-12-01,0.0132005526218838
2020-12-02,0.0133088231684869
2020-12-03,0.0134284453163315
2020-12-04,0.0135369993876301
2020-12-09,0.0135370550950755
2020-12-10,0.0136688907829051
2020-12-11,0.0136749178932003
2020-12-14,0.0135394178289872
2020-12-15,0.0136272628135223
2020-12-16,0.0136312030985233
2020-12-17,0.0137199854914762
2020-12-18,0.0136062771607918
2020-12-21,0.0133783403487672
2020-12-22,0.0132125645645645
2020-12-23,0.0133352327255278
2020-12-28,0.0135657568533969
2020-12-29,0.013513353963342
2020-12-30,0.0134228163992869
2020-12-31,0.0134778490790255
2021-01-04,0.0134795395513577
2021-01-05,0.013519950477538
2021-01-06,0.013568354728536
2021-01-07,0.0135268
2021-01-08,0.0134644971804511
2021-01-11,0.0134236265667096
2021-01-12,0.0135699894699894
2021-01-13,0.0135724488603156
2021-01-14,0.0136734353106025
2021-01-15,0.013593130394215
2021-01-18,0.0135198884758364
2021-01-19,0.0135688899199628
2021-01-20,0.0136143485813549
2021-01-21,0.0135282309383315
2021-01-22,0.0132901813561279
2021-01-25,0.0132649712313003
2021-01-26,0.0132839117444265
2021-01-27,0.0132387211571576
2021-01-28,0.0131721903669724
2021-01-29,0.0131861216076949
2021-02-01,0.0131383561643835
2021-02-02,0.0131760319270239
2021-02-03,0.0131793507972665
2021-02-04,0.0132068137868274
2021-02-05,0.0134038409090909
2021-02-08,0.0134551434728365
2021-02-09,0.0135053025152957
2021-02-10,0.0135444431869624
2021-02-11,0.0135653024307518
2021-02-12,0.0135787440704766
2021-02-17,0.0135490330559928
2021-02-18,0.0135237480350325
2021-02-19,0.0135024792461296
2021-02-22,0.0134765291289276
2021-02-23,0.0134906846866971
2021-02-24,0.0135830842997323
2021-02-25,0.0134307855153203
2021-02-26,0.0133821309285237
2021-03-01,0.0134791763791763
2021-03-02,0.0135573377703826
2021-03-03,0.0135129890280394
2021-03-04,0.0135385424742496
2021-03-05,0.013461812548412
2021-03-08,0.0134341393397372
2021-03-09,0.0135278071917052
2021-03-10,0.0135788359788359
2021-03-11,0.0136466953073364
2021-03-12,0.0136310731975784
2021-03-15,0.0137095211948166
2021-03-16,0.0137279710303961
2021-03-17,0.0135360526315789
2021-03-18,0.0134930887185104
2021-03-19,0.013479816112084
2021-03-22,0.0133652833897564
2021-03-23,0.0131240178961152
2021-03-25,0.0131092513893429
2021-03-26,0.013162031794425
2021-03-29,0.0132195734958111
2021-03-30,0.0131630056546324
2021-03-31,0.0132154130434782
2021-04-05,0.0131003360797918
2021-04-06,0.0129526766363242
2021-04-07,0.0129832990360662
2021-04-08,0.0130299415457891
2021-04-09,0.0129197966248377
2021-04-12,0.0129306761719593
2021-04-13,0.0131762362340747
2021-04-14,0.0131777274198769
2021-04-15,0.0130807484900776
2021-04-16,0.0132007111302661
2021-04-19,0.0130848579423159
2021-04-20,0.0130065720124771
2021-04-21,0.0130464473825647
2021-04-22,0.0132266251208767
2021-04-23,0.0133382195017182
2021-04-26,0.0133433901576069
2021-04-27,0.0133507768134576
2021-04-28,0.0133671125856164
2021-04-29,0.0133841925133689
2021-04-30,0.0132990701154339
2021-05-03,0.0132965623999145
2021-05-04,0.0133463771209049
2021-05-05,0.0133576426666666
2021-05-06,0.0134761488431602
2021-05-07,0.0135511774107618
2021-05-10,0.0134761950388587
2021-05-11,0.0135106971793507
2021-05-12,0.0134112045115982
2021-05-13,0.0134926390809488
2021-05-14,0.0135160676307954
2021-05-17,0.0135304578774035
2021-05-18,0.0135512000849617
2021-05-19,0.0135750743099787
2021-05-20,0.0135915959252971
2021-05-21,0.0135855309218203
2021-05-26,0.0136004127857747
2021-05-27,0.0136124616523854
2021-05-28,0.0136502220812182
2021-05-31,0.0136209331785073
2021-06-01,0.0135915866145888
2021-06-02,0.0136612219056663
2021-06-03,0.013640829026474
2021-06-04,0.0137332279148218
2021-06-07,0.0137317961676142
2021-06-08,0.0138206504578465
2021-06-09,0.0138397054182009
2021-06-10,0.0139238565871096
2021-06-11,0.0138582255860401
2021-06-14,0.0138646404199475
2021-06-15,0.0138359496327387
2021-06-16,0.013856111635715
2021-06-17,0.0138133375275243
2021-06-18,0.013756212645486
2021-06-22,0.0137027961043041
2021-06-23,0.0137491678006908
2021-06-24,0.0138544217687074
2021-06-25,0.0138388598326359
2021-06-28,0.0138584596091545
2021-06-29,0.0137366628356493
2021-06-30,0.0136700898453823
2021-07-01,0.0136245300751879
2021-07-02,0.0136541914604864
2021-07-05,0.0136167083854818
2021-07-06,0.0134619539151287
2021-07-07,0.0133709193245778
2021-07-08,0.0133676945515157
2021-07-12,0.0134356228535747
2021-07-13,0.0134429151061173
2021-07-14,0.0134830802828618
2021-07-15,0.0134366188396756
2021-07-16,0.0135093119933485
2021-07-19,0.0133891184716021
2021-07-20,0.0134462424745692
2021-07-21,0.0135201432129514
2021-07-22,0.0135385022300591
2021-07-23,0.0135583281476872
2021-07-26,0.0135691319660244
2021-07-27,0.0135551724137931
2021-07-28,0.0135419728806541
2021-07-29,0.0136790252483443
2021-07-30,0.01367284103837
2021-08-02,0.0136957226986258
2021-08-03,0.0137014048135523
2021-08-04,0.0136725188474646
2021-08-05,0.0136841985757044
2021-08-06,0.0136221981424148
2021-08-09,0.0135833195876288
2021-08-10,0.0135254663506132
2021-08-11,0.0136078833470733
2021-08-12,0.0135971360873596
2021-08-13,0.0136614869735351
2021-08-17,0.0136022930591259
2021-08-18,0.0135401131105398
2021-08-19,0.0134532997532894
2021-08-20,0.0134542287534682
2021-08-23,0.0134904004106776
2021-08-24,0.013556069779374
2021-08-25,0.0135133668444809
2021-08-26,0.013474530913565
2021-08-27,0.0135883968839688
2021-08-30,0.0135996315627878
2021-08-31,0.0136438714958051
2021-09-01,0.0137111781550419
2021-09-02,0.0137125523867934
2021-09-03,0.0137560698957694
2021-09-06,0.0136912200102092
2021-09-07,0.0136513215634248
2021-09-08,0.0136535557596163
2021-09-09,0.0137048444671086
2021-09-10,0.0136675502089917
2021-09-13,0.013739474488237
2021-09-14,0.0137192852051725
2021-09-15,0.0138188905852417
2021-09-16,0.0137833468972533
2021-09-17,0.0137105734038226
2021-09-20,0.0135940686573227
2021-09-21,0.0137021935614908
2021-09-22,0.0137324703015534
2021-09-23,0.0137384716866247
2021-09-24,0.0137385450487012
2021-09-27,0.013785095812633
2021-09-28,0.0137087877559294
2021-09-29,0.0137137358184765
2021-09-30,0.0137436297346566
2021-10-01,0.0137605324425549
2021-10-04,0.0137975217479263
2021-10-05,0.0138321569420568
2021-10-06,0.0138107966033158
2021-10-07,0.0139255609460278
2021-10-12,0.0139181955797759
2021-10-13,0.013896337772397
2021-10-14,0.0140050524405002
2021-10-15,0.0140766787658802
2021-10-18,0.014028568550418
2021-10-19,0.0141081361393615
2021-10-20,0.0141141620533467
2021-10-21,0.0140416322833853
2021-10-22,0.0142112687393097
2021-10-25,0.0143320064334539
2021-10-26,0.0143673463238248
2021-10-27,0.0141969794279979
2021-10-28,0.0142243454709599
2021-10-29,0.0140990874448455
2021-11-01,0.0139561867548341
2021-11-02,0.0139644902864009
2021-11-03,0.0138797317585827
2021-11-04,0.0140047819127651
2021-11-05,0.014040114068441
2021-11-08,0.0140402877697841
2021-11-09,0.0141058435720707
2021-11-10,0.0140560359460808
2021-11-11,0.0139703404212838
2021-11-12,0.0137246457792855
2021-11-15,0.0137452278847112
2021-11-16,0.0136797786419383
2021-11-17,0.0137599302441454
2021-11-18,0.013676426650732
2021-11-19,0.0136060919769062
2021-11-23,0.0134516754499353
2021-11-24,0.0133427648578811
2021-11-25,0.0133940504568931
2021-11-26,0.0132215277777777
2021-11-29,0.0134128987517337
2021-11-30,0.0134564480982567
2021-12-01,0.013476702970297
2021-12-02,0.0135415628090999
2021-12-03,0.0135291122973507
2021-12-06,0.0134568325434439
2021-12-07,0.0134935515677381
2021-12-09,0.0135645262950561
2021-12-10,0.0136227178729689
2021-12-13,0.0135960865290068
2021-12-14,0.0135344763214776
2021-12-15,0.0134575918287173
2021-12-16,0.0135750245338567
2021-12-17,0.0134924004706805
2021-12-20,0.0134511994516792
2021-12-21,0.013506631455399
2021-12-22,0.0135695873264228
2021-12-23,0.0136362365591397
2021-12-27,0.0136059391456992
2021-12-28,0.0135623952445916
2021-12-29,0.0134961530970003
2021-12-30,0.0134174162772585
2021-12-31,0.0133906834112149
2022-01-03,0.0134110097087378
2022-01-04,0.0132825104277815
2022-01-05,0.013147207678883
2022-01-06,0.013094197985277
2022-01-07,0.0132817970565453
2022-01-10,0.0132938943097285
2022-01-11,0.0134051853997682
2022-01-12,0.0133837770061728
2022-01-13,0.0131171629565384
2022-01-14,0.0130808744221879
2022-01-17,0.0131340441882805
2022-01-18,0.0130028031103004
2022-01-19,0.013090099769762
2022-01-20,0.0130625347521809
2022-01-21,0.0129440770557791
2022-01-24,0.0126831435951401
2022-01-25,0.0126413305295354
2022-01-26,0.0125577363896848
2022-01-27,0.0128336451274219
2022-01-28,0.0128471098817245
2022-01-31,0.0129272138640259
2022-02-01,0.0129853310502283
2022-02-02,0.0131197433460076
2022-02-03,0.0130599658152122
2022-02-04,0.0131717294374347
2022-02-07,0.0132266180923542
2022-02-08,0.0133249858249858
2022-02-09,0.0134145906129001
2022-02-10,0.0133746344684463
2022-02-11,0.0130927932171455
2022-02-14,0.0130581703647987
2022-02-15,0.0132116840424532
2022-02-16,0.0132969881778945
2022-02-17,0.0131367019780631
2022-02-18,0.0129297527626896
2022-02-21,0.0125894525411061
2022-02-22,0.0125729359082003
2022-02-23,0.0123468027591349
2022-02-24,0.0114624604209349
2022-02-25,0.0121052024197301
2022-03-02,0.0096197998702862
2022-03-03,0.0092282051282051
2022-03-04,0.0079553130491075
2022-03-07,0.0069358447067502
2022-03-08,0.0080993459837877
2022-03-09,0.0072683382407066
2022-03-10,0.0074615702859244
2022-03-11,0.0074799871418074
2022-03-14,0.0082080219780219
2022-03-15,0.0094031650201244
2022-03-16,0.010143231880084
2022-03-17,0.009752397041366
2022-03-18,0.0093493072014585
2022-03-21,0.0093589524415749
2022-03-22,0.0094330789497592
2022-03-23,0.0104006534761299
2022-03-25,0.0098854321435042
2022-03-28,0.0105339447054571
2022-03-29,0.0116895596462732
2022-03-30,0.0119025791324736
2022-03-31,0.0122885776056211
2022-04-01,0.011623605111591
2022-04-04,0.0119402975710316
2022-04-05,0.0119022560429722
2022-04-06,0.0119557185012966
2022-04-07,0.0125044565508618
2022-04-08,0.0123386144793152
2022-04-11,0.0118952034109077
2022-04-12,0.0117736520042568
2022-04-13,0.0121509161724351
2022-04-18,0.0123344451289272
2022-04-19,0.0123812445069432
2022-04-20,0.0121656019656019
2022-04-21,0.0124256902445437
2022-04-22,0.0129503633021097
2022-04-25,0.0133587896756191
2022-04-26,0.013239634305616
2022-04-27,0.013487847705146
2022-04-28,0.0137679631880534
2022-04-29,0.0140154193044835
2022-05-02,0.0141122353754428
2022-05-03,0.0146487270216622
2022-05-04,0.0151754697465954
2022-05-05,0.0152696194903581
2022-05-06,0.0146818314703353
2022-05-09,0.0143169678800856
2022-05-10,0.0142830240314718
2022-05-11,0.0149984882131875
2022-05-12,0.0153927164179104
2022-05-13,0.015454304692157
2022-05-16,0.0155461479721703
2022-05-17,0.0152963665622088
2022-05-19,0.0160256379922257
2022-05-20,0.0162495442268737
2022-05-23,0.0171067933411804
2022-05-24,0.0175583662161027
2022-05-26,0.0155218323423498
2022-05-27,0.0147895106649937
2022-05-30,0.0156148237646862
2022-05-31,0.0160277204658901
2022-06-01,0.0158394032579787
2022-06-02,0.0156823592893906
2022-06-03,0.0156610457408021
2022-06-06,0.0162711914788209
2022-06-07,0.0161263253359716
2022-06-08,0.0165407904487443
2022-06-09,0.0174601134681795
2022-06-10,0.0172404302487888
2022-06-13,0.0173880703188879
2022-06-14,0.0170484653061224
2022-06-15,0.0174220293398533
2022-06-16,0.017278620240807
2022-06-21,0.0182792997493329
2022-06-22,0.0185789341945902
2022-06-23,0.0182900644641418
2022-06-24,0.0184780344494526
2022-06-27,0.018409461951728
2022-06-28,0.0187683110434852
2022-06-29,0.0188902031349968
2022-06-30,0.0183753254012616
2022-07-01,0.0178194978078915
2022-07-04,0.0177707979356887
2022-07-05,0.0157788193343898
2022-07-06,0.0159890497665954
2022-07-07,0.0155993599873577
2022-07-08,0.0084253470031545
2022-07-11,0.0160066352571652
2022-07-12,0.0161935966768555
2022-07-13,0.0165453606634329
2022-07-14,0.0168194453125
2022-07-15,0.0177148538011695
2022-07-18,0.0171479559382514
2022-07-19,0.017742829487378
2022-07-20,0.0181818209924254
2022-07-21,0.0173733292174718
2022-07-22,0.0172786187760135
2022-07-25,0.017069708588957
2022-07-26,0.0166930976430976
2022-07-27,0.0164211137422656
2022-07-28,0.0162215985356924
2022-07-29,0.0159647215662375
2022-08-01,0.016
2022-08-02,0.0164949016641452
2022-08-03,0.0163394955444796
2022-08-04,0.0161593938480096
2022-08-05,0.0163898186470012
2022-08-08,0.0161492999925132
2022-08-09,0.0162755098991408
2022-08-10,0.0162602163371876
2022-08-11,0.0164609071274298
2022-08-12,0.016270242960101
2022-08-16,0.0163689943102046
2022-08-17,0.0166403231756806
2022-08-18,0.0166666642120765
2022-08-19,0.0168359770874642
2022-08-22,0.0166367169203747
2022-08-23,0.0166312157721796
2022-08-24,0.0166312139992708
2022-08-25,0.0166427292576419
2022-08-26,0.0165163689179375
2022-08-29,0.0164490456911509
2022-08-30,0.0164354473304473
2022-08-31,0.0163963165861745
2022-09-01,0.01663572610228
2022-09-05,0.0160510265183917
2022-09-06,0.0163080535002845
2022-09-07,0.0162190198863636
2022-09-08,0.0164553524619199
2022-09-09,0.0164959895317583
2022-09-12,0.0164971605285352
2022-09-13,0.0165755014728573
2022-09-14,0.0165911464165733
2022-09-15,0.016548344972067
2022-09-16,0.0164477982162764
2022-09-19,0.0165143520121909
2022-09-20,0.0161322870575221
2022-09-21,0.0163612809717716
2022-09-22,0.0167849751997795
2022-09-23,0.0173334570957095
2022-09-26,0.0171220566115137
2022-09-27,0.0168558709149212
2022-09-28,0.0171086408824731
2022-09-29,0.0173728768613585
2022-09-30,0.0166378835188704
2022-10-03,0.0168807393914862
2022-10-04,0.0168739619086075
2022-10-05,0.0163566832348199
2022-10-06,0.0162228887399463
2022-10-11,0.0154538721879354
2022-10-12,0.0155080376059322
2022-10-13,0.015682808988764
2022-10-14,0.0161050844104457
2022-10-17,0.0161243737704918
2022-10-18,0.0160672490511713
2022-10-19,0.0161290312051181
2022-10-20,0.0162282326884242
2022-10-21,0.0162364523050913
2022-10-24,0.016154568954375
2022-10-25,0.0162867745679649
2022-10-26,0.016253504086492
2022-10-27,0.0162182863382362
2022-10-28,0.0162538456608127
2022-10-31,0.0161170224969727
2022-11-01,0.0161457782299084
2022-11-02,0.016200888324873
2022-11-03,0.0160742781155015
2022-11-04,0.0161633118524134
2022-11-07,0.0161974775679237
2022-11-08,0.0164568718301922
2022-11-09,0.0162927759030121
2022-11-10,0.0164631523162291
2022-11-11,0.0165120846297448
2022-11-14,0.0163441710965508
2022-11-15,0.0164919627436466
2022-11-16,0.0164911737551547
2022-11-17,0.016552617029119
2022-11-18,0.0165398639539159
2022-11-22,0.0163666099325268
2022-11-23,0.0164473671438971
2022-11-24,0.0164803280673082
2022-11-25,0.0165344163294884
2022-11-28,0.0162786374549819
2022-11-29,0.0163015632486823
2022-11-30,0.016335706599713
2022-12-01,0.0160759301216312
2022-12-02,0.0160068118269974
2022-12-05,0.0159887975880822
2022-12-06,0.0158563809074281
2022-12-07,0.016057810476751
2022-12-12,0.0159140864795471
2022-12-13,0.0159039403992782
2022-12-14,0.015467213019471
2022-12-15,0.0154791113173617
2022-12-16,0.015439988419224
2022-12-19,0.0145117050691244
2022-12-20,0.014156884953717
2022-12-21,0.0139092896488409
2022-12-22,0.0146088408869535
2022-12-23,0.0143739304506977
2022-12-26,0.0145412223297103
2022-12-27,0.0142816358988923
2022-12-28,0.013887193877551
2022-12-29,0.0135155617151261
2022-12-30,0.0136588112440731
2023-01-02,0.0139879483581251
2023-01-03,0.0137490132316662
2023-01-04,0.0136369304824806
2023-01-05,0.0137693640326366
2023-01-06,0.0137978967921896
2023-01-09,0.0143183796990393
2023-01-10,0.0143521232952655
2023-01-11,0.0144266840095201
2023-01-12,0.0146744211747803
2023-01-13,0.0144728085176808
2023-01-16,0.0145454555433589
2023-01-17,0.0145190366595429
2023-01-18,0.0144736666484327
2023-01-19,0.0143070121784719
2023-01-20,0.0146058108476424
2023-01-23,0.0144980691001789
2023-01-24,0.0144237912177161
2023-01-25,0.0144352429335783
2023-01-26,0.0143725232031081
2023-01-27,0.014336404288562
2023-01-30,0.0142601254288164
2023-01-31,0.0142060588235294
2023-02-01,0.0142778418495381
2023-02-02,0.0142447512928506
2023-02-03,0.0141641261567918
2023-02-06,0.0139487123896145
2023-02-07,0.0139275749261291
2023-02-08,0.0137632393995259
2023-02-09,0.0136929078387045
2023-02-10,0.0135382499606319
2023-02-13,0.0134871745369162
2023-02-14,0.0135809781759466
2023-02-15,0.0134439130886786
2023-02-16,0.013326546699165
2023-02-17,0.0135237124074745
2023-02-22,0.0132579071556809
2023-02-23,0.0132125544006963
2023-02-24,0.0131838307440719
2023-02-27,0.0133466795386413
2023-02-28,0.0133190920618818
2023-03-01,0.0133140355317102
2023-03-02,0.0132459796836306
2023-03-03,0.0132424349404882
2023-03-06,0.0132519313735326
2023-03-07,0.0131947716346153
2023-03-08,0.0131134633658414
2023-03-09,0.0131711020163705
2023-03-10,0.0131752304090071
2023-03-13,0.0133440453779847
2023-03-14,0.0132013213242935
2023-03-15,0.0131197077409162
2023-03-16,0.0128983985414408
2023-03-17,0.0129658650536048
2023-03-20,0.0130320490881533
2023-03-21,0.0129487367086137
2023-03-22,0.0129927159411822
2023-03-23,0.0131489503353095
2023-03-27,0.0130004531867708
2023-03-28,0.0130003656658968
2023-03-29,0.0129414498319731
2023-03-30,0.0129395560669255
2023-03-31,0.0128822305152863
2023-04-03,0.0127363217188762
2023-04-04,0.0126027611727867
2023-04-05,0.0124902755420888
2023-04-10,0.012220966305825
2023-04-11,0.0122263145583832
2023-04-12,0.0121466252800597
2023-04-13,0.0122286752375628
2023-04-14,0.012154360762436
2023-04-17,0.0122103845087346
2023-04-18,0.0122251774684244
2023-04-19,0.0122348261909141
2023-04-20,0.0122681636772329
2023-04-21,0.0122181439619274
2023-04-24,0.0122789337450615
2023-04-25,0.0123662742789876
2023-04-26,0.0121838290382271
2023-04-27,0.0122624144144144
2023-04-28,0.0124649407221124
2023-05-02,0.0124828355219229
2023-05-03,0.0126112477797513
2023-05-04,0.0127854674346477
2023-05-05,0.0130174276243093
2023-05-08,0.0128764419064353
2023-05-09,0.0128766103924577
2023-05-10,0.0131276673960612
2023-05-11,0.0130047641921397
2023-05-12,0.0129252748691099
2023-05-15,0.0125377850021673
2023-05-16,0.0123942925140631
2023-05-17,0.0124580789984891
2023-05-18,0.0124393106419646
2023-05-19,0.0124258646616541
2023-05-22,0.0124312566673778
2023-05-23,0.0124564801021493
2023-05-24,0.0124305450689289
2023-05-29,0.0124223462749213
2023-05-30,0.012361456981369
2023-05-31,0.0123049812108559
2023-06-01,0.0123456649323621
2023-06-02,0.012338426406477
2023-06-05,0.0123657690721649
2023-06-06,0.0122909146968139
2023-06-07,0.0122175605749486
2023-06-08,0.0121085007158928
2023-06-09,0.0121201102265768
2023-06-12,0.0119704983792544
2023-06-13,0.0118901983002832
2023-06-14,0.0119121774193548
2023-06-15,0.0119715441916649
2023-06-16,0.011927765083183
2023-06-21,0.0119003295612467
2023-06-22,0.0119215241488519
2023-06-23,0.011840861660079
2023-06-26,0.0118363943440691
2023-06-27,0.0117200587659157
2023-06-28,0.0115957475083056
2023-06-29,0.0114564988290398
2023-06-30,0.011196353720296
2023-07-03,0.0112011322217913
2023-07-04,0.0111470522459996
2023-07-05,0.0110508824662813
2023-07-06,0.010978851766513
2023-07-07,0.0109441992337164
2023-07-10,0.010995958095238
2023-07-11,0.0110711702127659
2023-07-12,0.0110549024805907
2023-07-13,0.011088810289389
2023-07-14,0.011070311262026
2023-07-17,0.0110485623242736
2023-07-18,0.0110329497478049
2023-07-19,0.010984508303788
2023-07-20,0.0110570040937848
2023-07-21,0.0110292855817405
2023-07-24,0.0110334723247232
2023-07-25,0.011065765832106
2023-07-26,0.0111193504587155
2023-07-27,0.0110265873306481
2023-07-28,0.0108853598830836
2023-07-31,0.0108919891008174
2023-08-01,0.0108676878508057
2023-08-02,0.0106335003604902
2023-08-03,0.0106204566702624
2023-08-04,0.0104586969751208
2023-08-07,0.0104849929378531
2023-08-08,0.0103501337086558
2023-08-09,0.0103249693143959
2023-08-10,0.0102823759608665
2023-08-11,0.0101068070297546
2023-08-14,0.0099222774682097
2023-08-15,0.0101954142857142
2023-08-16,0.0104609401343049
2023-08-17,0.0106923503357622
2023-08-18,0.0106370767252464
2023-08-22,0.0106164109158451
2023-08-23,0.0106219917131018
2023-08-24,0.01058396
2023-08-25,0.0105228477577834
2023-08-28,0.0104830261465923
2023-08-29,0.0104716314285714
2023-08-30,0.0104027742857142
2023-08-31,0.0104489828571428
2023-09-01,0.0103806483861753
2023-09-04,0.0103676142857142
2023-09-05,0.0102489571428571
2023-09-06,0.0101909371428571
2023-09-07,0.0101685526503786
2023-09-08,0.0102089355622231
2023-09-11,0.0104513187598228
2023-09-12,0.0105581111587369
2023-09-13,0.0104012912441079
2023-09-14,0.0103754571428571
2023-09-15,0.0103415828571428
2023-09-18,0.0103594085714285
2023-09-19,0.0102731847406772
2023-09-20,0.010351559554413
2023-09-21,0.0104070942857142
2023-09-22,0.0104408541636909
2023-09-25,0.0104251592629624
2023-09-26,0.0102793628571428
2023-09-27,0.0103168714285714
2023-09-28,0.0103294157977431
2023-09-29,0.0103500157165309
2023-10-02,0.0100815397800314
2023-10-03,0.010014512212541
2023-10-04,0.0099980314285714
2023-10-05,0.0099939742857142
2023-10-06,0.0099301713796058
2023-10-09,0.0100171379605826
2023-10-10,0.0099784575835475
2023-10-11,0.0099837160811196
2023-10-12,0.0102354050578654
2023-10-17,0.0102437303627534
2023-10-18,0.0102070808340474
2023-10-19,0.0103327018145449
2023-10-20,0.0104488841263037
2023-10-23,0.01057499357051
2023-10-24,0.010682288898414
2023-10-25,0.0107059154527277
2023-10-26,0.0106754679239891
2023-10-27,0.0106011830261465
2023-10-30,0.0107922588941277
2023-10-31,0.01074832
2023-11-01,0.0107977939705672
2023-11-02,0.0107298200514138
2023-11-03,0.0108310682662096
2023-11-07,0.0108448457142857
2023-11-08,0.0108873039005572
2023-11-09,0.0108478696956708
2023-11-10,0.0108301414487783
2023-11-13,0.0109157308186883
2023-11-14,0.0110367123678948
2023-11-15,0.0111719847003824
2023-11-16,0.01120180789362
2023-11-17,0.0111721853369119
2023-11-21,0.0113484450063211
2023-11-22,0.0112913592369196
2023-11-23,0.0112983106877713
2023-11-24,0.0112203104026845
2023-11-27,0.0112264818941504
2023-11-28,0.0112115660639777
2023-11-29,0.0112809777777777
2023-11-30,0.0111226296809986
2023-12-01,0.0110434754915535
2023-12-04,0.010963746723686
2023-12-05,0.0108327347838061
2023-12-06,0.0107610420676381
2023-12-07,0.010822909090909
2023-12-11,0.0109901352643803
2023-12-12,0.0110775085277664
2023-12-13,0.0110916757297331
2023-12-14,0.0111747695190505
2023-12-15,0.0110733503932093
2023-12-18,0.0110839185148268
2023-12-19,0.0110464284380252
2023-12-20,0.0109979669030732
2023-12-21,0.010875120616762
2023-12-22,0.010831760173967
2023-12-26,0.0108317605502881
2023-12-27,0.0109139571463958
2023-12-28,0.0112676056686676
2023-12-29,0.0111745451171995
2024-01-02,0.0109799494264216
2024-01-03,0.0109117063247441
2024-01-04,0.0109509954416656
2024-01-05,0.010996588278749
2024-01-08,0.0109879245514868
2024-01-09,0.0111455881630648
2024-01-10,0.0111582979506687
2024-01-11,0.0112732830512631
2024-01-12,0.0113138811274509
2024-01-15,0.0113817563600782
2024-01-16,0.0113244383327221
2024-01-17,0.011314918152944
2024-01-18,0.0111869958496093
2024-01-19,0.0113693595217762
2024-01-22,0.0113577635743851
2024-01-23,0.0112707421827472
2024-01-24,0.0112593725680933
2024-01-25,0.011216382746051
2024-01-26,0.0111274936247723
2024-01-29,0.0112041808046534
2024-01-30,0.0111416519316943
2024-01-31,0.0111290779283639
2024-02-01,0.0110677252388438
2024-02-02,0.0110200725250815
2024-02-05,0.01103412907117
2024-02-06,0.011028397830018
2024-02-07,0.0109558781016622
2024-02-08,0.0109744184926559
2024-02-09,0.0109709274630097
2024-02-14,0.0109195215253627
2024-02-15,0.010818261234272
2024-02-16,0.0108245257485029
2024-02-19,0.010806733596271
2024-02-20,0.0108359734830387
2024-02-21,0.0108264482635159
2024-02-22,0.0107526875820112
2024-02-23,0.0105410728334724
2024-02-26,0.0108186937901498
2024-02-27,0.0108653132802282
2024-02-28,0.0109506118569561
2024-02-29,0.0109649002612206
2024-03-01,0.0109009887240356
2024-03-04,0.0109329644549763
2024-03-05,0.0110037396449704
2024-03-06,0.0110165523358959
2024-03-07,0.0110503215130023
2024-03-08,0.010980335499114
2024-03-11,0.0110228183962264
2024-03-12,0.0108986953447259
2024-03-13,0.0109469075927015
2024-03-14,0.0109256305882352
2024-03-15,0.0108078894767783
2024-03-18,0.0109027472140762
2024-03-19,0.010813814771395
2024-03-20,0.0108093388042203
2024-03-21,0.0108873161592505
2024-03-22,0.0108414593329432
2024-03-25,0.0107642628504672
2024-03-26,0.010813722124927
2024-03-27,0.0108200279720279
2024-04-03,0.0108427061556329
2024-04-04,0.0108369251305861
2024-04-05,0.0107998237681159
2024-04-08,0.0107938784722222
2024-04-09,0.0107642625795257
2024-04-10,0.0107004520231213
2024-04-11,0.0107208030040439
2024-04-12,0.0107180796306982
2024-04-15,0.0106944320276497
2024-04-16,0.0106213713298791
2024-04-17,0.0106132328924669
2024-04-18,0.0106404712643678
2024-04-19,0.0107400998278829
2024-04-22,0.0106723589449541
2024-04-23,0.0107286578796561
2024-04-24,0.0108328625429553
2024-04-25,0.0108373947368421
2024-04-26,0.0108837611428571
2024-04-29,0.0107037729606389
2024-04-30,0.0107008978893325
2024-05-02,0.0107321013667425
2024-05-03,0.0109319487763232
2024-05-06,0.0109506954545454
2024-05-07,0.0109444508801817
2024-05-08,0.0109140521837776
2024-05-09,0.0108036507936507
2024-05-10,0.0107882084985835
2024-05-13,0.0109184253393665
2024-05-14,0.0109488011299435
2024-05-15,0.0109662710333145
2024-05-16,0.0110053735891647
2024-05-17,0.0109895544275239
2024-05-20,0.0109895543050084
2024-05-21,0.0110886872890888
2024-05-22,0.0111040044969083
2024-05-23,0.0109140516853932
2024-05-24,0.0111813801235261
2024-05-27,0.0112401734750979
2024-05-28,0.0112898925573587
2024-05-29,0.0111657358701734
2024-05-30,0.0110605648769574
2024-05-31,0.0110661094360692
2024-06-03,0.0111944470457079
2024-06-04,0.0112550122630992
2024-06-05,0.0112291541457985
2024-06-06,0.0112255746102449
2024-06-07,0.011230213570634
2024-06-10,0.0112602971175166
2024-06-11,0.0112135654101995
2024-06-12,0.0112332290626733
2024-06-13,0.0113237971175166
2024-06-14,0.0111569662423907
2024-06-18,0.0117130309392265
2024-06-19,0.0119760473829201
2024-06-24,0.011468613098514
2024-06-25,0.0113527865786578
2024-06-26,0.0114705466520307
2024-06-27,0.0116959067471201
2024-06-28,0.011659673245614
2024-07-01,0.0115135087527352
2024-07-02,0.0113498490978676
2024-07-03,0.0113818994535519
2024-07-04,0.0112359552401746
2024-07-05,0.0113734716775599
2024-07-08,0.0114122547632008
2024-07-10,0.0112549113648722
2024-07-11,0.0114012347826086
2024-07-12,0.0113789202387411
2024-07-15,0.0113176717226435
2024-07-16,0.0113122046561992
2024-07-17,0.0112866688311688
2024-07-18,0.0113544494867639
2024-07-19,0.0113766156334231
2024-07-22,0.0113763443065299
2024-07-23,0.0113830258899676
2024-07-24,0.0116051691810344
2024-07-25,0.0117631838709677
2024-07-26,0.0116189898013955
2024-07-29,0.0115725740343347
2024-07-30,0.0116199485254691
2024-07-31,0.0116348884120171
2024-08-01,0.01168397642015
2024-08-02,0.0117180128342245
2024-08-05,0.0117820320684126
2024-08-06,0.0116703406300053
2024-08-07,0.0116584217832354
2024-08-08,0.0115382443970117
2024-08-09,0.0112866560170394
2024-08-12,0.0109965630654603
2024-08-13,0.0109866326422115
2024-08-14,0.0111731838469713
2024-08-15,0.0112566213489113
2024-08-16,0.0111607637711864
2024-08-19,0.0111299576271186
2024-08-20,0.0109709274748544
2024-08-21,0.0109289502645502
2024-08-22,0.010929642706131
2024-08-23,0.0109289383236689
2024-08-26,0.0108695654918463
2024-08-27,0.0109132421052631
2024-08-28,0.0109249141653501
2024-08-29,0.0108695657202944
2024-08-30,0.0110539622443628
2024-09-02,0.0111498006295907
2024-09-03,0.0115251725222863
2024-09-04,0.0114270560502881
2024-09-05,0.0113292875851231
2024-09-06,0.011055391440501
2024-09-09,0.0110436223265519
2024-09-10,0.0109889989561586
2024-09-11,0.0109238758476786
2024-09-12,0.0112107621030713
2024-09-13,0.0109753097713097
2024-09-16,0.0109439002079002
2024-09-17,0.0109204043659043
2024-09-18,0.0108163539180072
2024-09-19,0.0108268583290088
2024-09-20,0.0108262247540134
2024-09-23,0.0107729596273291
2024-09-24,0.0107599420589756
2024-09-25,0.010856124871001
2024-09-26,0.0107963840991223
2024-09-27,0.010715230927835
2024-09-30,0.0107502720247295
2024-10-01,0.0104389031925849
2024-10-02,0.0105285651055069
2024-10-03,0.0105711490236382
2024-10-04,0.0104986875320677
2024-10-07,0.010411515120451
2024-10-08,0.0103277406458226
2024-10-09,0.0103092786885245
2024-10-10,0.01032791113381
2024-10-14,0.0104541051020408
2024-10-15,0.0103092779194288
2024-10-16,0.0102971549439347
2024-10-17,0.0102702302598064
2024-10-18,0.0104986764855256
2024-10-21,0.0103573282520325
2024-10-22,0.0104348075165058
2024-10-23,0.0104157666159309
2024-10-24,0.0103963610547667
2024-10-25,0.0103092783400809
2024-10-28,0.0102443793626707
2024-10-29,0.0102611354903943
2024-10-30,0.0103096717171717
2024-10-31,0.0102746199596774
2024-11-01,0.010178116817724
2024-11-04,0.0101141077542799
2024-11-05,0.0102277516339869
2024-11-07,0.0102040814070351
2024-11-08,0.0102341153460381
2024-11-11,0.0104711382765531
2024-11-12,0.0101640270405608
2024-11-13,0.0101358198198198
2024-11-14,0.0101010105052526
2024-11-15,0.0099950024937655
2024-11-19,0.0099527547357926
2024-11-20,0.0099497538614848
2024-11-21,0.0098737641791044
2024-11-22,0.0096758679245283
2024-11-25,0.0096153664349553
2024-11-26,0.0094786726190476
2024-11-27,0.0088378185423896
2024-11-28,0.0092592507433102
2024-11-29,0.0093896628769154
2024-12-02,0.0093874765432098
2024-12-03,0.009429514074074
2024-12-04,0.0095237917077986
2024-12-05,0.0099041578687715
2024-12-06,0.0099452909896602
2024-12-09,0.0099999999999999
2024-12-10,0.0097040275319567
2024-12-11,0.0094584117936117
2024-12-12,0.0095177458292443
2024-12-13,0.0095669514943655
2024-12-16,0.0096526122249388
2024-12-17,0.0095617102300538
2024-12-18,0.0095479432762836
2024-12-19,0.009661826001955
2024-12-20,0.0097132926829268
2024-12-23,0.009881237724842
2024-12-26,0.0100534035939776
2024-12-27,0.00959871643238
2024-12-30,0.0090497742248062
2024-12-31,0.0087927858527131
2025-01-02,0.0089635854721549
2025-01-03,0.0090403978754225
2025-01-06,0.0093023254466441
2025-01-07,0.009333138030888
2025-01-08,0.0095693593825373
2025-01-09,0.0097754669879518
2025-01-10,0.0098298547378547
2025-01-13,0.0097401240384615
2025-01-14,0.0097121133525456
2025-01-15,0.0097575441458733
2025-01-16,0.009703480806142
2025-01-17,0.0097574779693486
2025-01-20,0.009887519350215
2025-01-21,0.0100503619866284
2025-01-22,0.0100755562977099
2025-01-23,0.0100204520743919
2025-01-24,0.0101685128693994
2025-01-27,0.0102866054259876
2025-01-28,0.0101651845861084
2025-01-29,0.0100755663338088
2025-01-30,0.010171791825095
2025-01-31,0.0101320408163265
2025-02-03,0.0100213051932653
2025-02-04,0.0100338543988617
2025-02-05,0.0102040711237553
2025-02-06,0.0103359070869874
2025-02-07,0.0103092787118162
2025-02-10,0.0103582830099384
2025-02-11,0.0104335447231424
2025-02-12,0.0106382976105985
2025-02-13,0.0111731722996927
2025-02-14,0.0109739371604063
2025-02-17,0.0109327014396979
2025-02-18,0.0109088489140698
2025-02-19,0.0112639631814963
2025-02-20,0.0112592328379334
2025-02-21,0.0112399839736035
2025-02-24,0.0113959981149858
2025-02-25,0.011596757418747
2025-02-26,0.0115174071109018
2025-02-27,0.0084253452577076
2025-02-28,0.0111785677389058
2025-03-05,0.0110619346957951
2025-03-06,0.0112359426961014
2025-03-07,0.0111110989217065
2025-03-10,0.0114998048780487
2025-03-11,0.0117003816221284
2025-03-12,0.0114804762127958
2025-03-13,0.0116093317713214
2025-03-14,0.0084253448759943
2025-03-17,0.0119689237248479
2025-03-18,0.0122323264733395
2025-03-19,0.0119023669081561
2025-03-20,0.0118285946704067
2025-03-21,0.0118305254316378
2025-03-25,0.0118233216701656
2025-03-26,0.0118809433170049
2025-03-27,0.0118455061785964
2025-03-28,0.0117716162086632
2025-03-31,0.0120280204841713
2025-04-01,0.0118115626889974
2025-04-03,0.0119050027906976
2025-04-04,0.011834221189591
2025-04-07,0.0116226496282527
2025-04-08,0.0115920789779326
2025-04-09,0.0116329385008122
2025-04-10,0.0119760334261838
2025-04-11,0.0120282523191094
2025-04-14,0.0122003589315525
2025-04-15,0.0121281066666666
2025-04-16,0.0120460740088105
2025-04-21,0.0123073135283363
2025-04-22,0.0122601911231884
2025-04-23,0.0120030293103448
2025-04-24,0.0120369965928449
2025-04-25,0.0121070508764429
2025-04-28,0.0121046765704584
2025-04-29,0.0121580549356223
2025-04-30,0.0121951068376068
2025-05-05,0.0124223908333333
2025-05-06,0.0122699237855946
2025-05-07,0.0124164991103202
2025-05-08,0.012121197486535
2025-05-09,0.0121211681338028
2025-05-12,0.0124223604240282
2025-05-13,0.0124938311861394
2025-05-14,0.0124419893992932
2025-05-15,0.0124997504393673
2025-05-16,0.0123833029772329
2025-05-19,0.0123838851884312
2025-05-20,0.0123569067833698
2025-05-21,0.0125401596858638
2025-05-22,0.0125211140466754
2025-05-23,0.0125678350242611
2025-05-26,0.01250708223972
2025-05-27,0.012435955017301
2025-05-28,0.0125175870689655
2025-05-29,0.0127234234995773
2025-05-30,0.0129032255892255
2025-06-02,0.0126488775942397
2025-06-03,0.0126350532094594
2025-06-04,0.0126120582032897
2025-06-05,0.0130093148614609
2025-06-06,0.0126699358920286
2025-06-09,0.0126344784810126
2025-06-10,0.0127584871687
2025-06-11,0.0125601632825719
2025-06-12,0.0124977189873417
2025-06-13,0.0124952986463621
2025-06-17,0.0127219827586206
2025-06-18,0.0127667291028446
2025-06-19,0.012752239242685
2025-06-23,0.0127388368915456
2025-06-24,0.012765245636441
2025-06-25,0.012731247167436
2025-06-26,0.0127179377889869
2025-06-27,0.0127152859545836
2025-06-30,0.0127690597510373
2025-07-01,0.0127430253682487
2025-07-02,0.0126784328722538
2025-07-03,0.0126623151909017
2025-07-04,0.0126980258064516
2025-07-07,0.0127206234177215
2025-07-08,0.0127444223107569
2025-07-10,0.0134952764940239
2025-07-11,0.0128252152199762
2025-07-14,0.0128305796875
2025-07-15,0.0128177357142857
2025-07-16,0.0127990991276764
2025-07-17,0.0128098218210361
2025-07-18,0.0127246858475894
2025-07-21,0.0127857129411764
2025-07-22,0.0127257875049741
2025-07-23,0.0127554922526817
2025-07-24,0.0126416014150943
2025-07-25,0.01257736640625
2025-07-28,0.0122653783783783
2025-07-29,0.0123284345468628
2025-07-30,0.0123451452471482
2025-07-31,0.0124160516739446
2025-08-01,0.0125448951612903
2025-08-04,0.0084253448529411
2025-08-05,0.0125166626821068
2025-08-06,0.0125156133633633
2025-08-07,0.012618981530343
2025-08-08,0.0125006561085972
2025-08-11,0.0125735869894099
2025-08-12,0.0125430223908918
2025-08-13,0.0125865323686214
2025-08-14,0.0125391846153846
2025-08-18,0.0124397911832946
2025-08-19,0.012399210058027
2025-08-20,0.0124189661798616
2025-08-21,0.0124207095057034
2025-08-22,0.0124058395155185
2025-08-25,0.0123886108663729
2025-08-26,0.0124266671581275
2025-08-27,0.0124455509447943
2025-08-28,0.0124035468867216
2025-08-29,0.0084253450074515
2025-09-01,0.0123894854227405
2025-09-02,0.0123961822189566
2025-09-03,0.0123455416819684
2025-09-04,0.0122944521100917
2025-09-05,0.0122613785977859
2025-09-08,0.0120969744499645
2025-09-09,0.0119385026473702
2025-09-10,0.0117811443624868
2025-09-11,0.0117925502793296
2025-09-12,0.0119889415003441
2025-09-15,0.0121461077027948
2025-09-16,0.0120173961878829
2025-09-17,0.0119595483214649
2025-09-18,0.0120192743302814
2025-09-19,0.011983453559322
2025-09-22,0.0119736100852272
2025-09-23,0.0119593192111029
2025-09-24,0.0119650145794392
2025-09-25,0.0119099513836948
2025-09-26,0.011964713423831
2025-09-29,0.0120636720588235
2025-09-30,0.012148218115942
2025-10-01,0.0122134567814476
2025-10-02,0.0121453997893997
2025-10-03,0.012154464022464
2025-10-06,0.012029858041958
2025-10-07,0.0122076124519062
2025-10-08,0.0122939839160839
2025-10-09,0.012316666197183
2025-10-13,0.0123630333580429
2025-10-14,0.012600806617647
2025-10-15,0.0127838818840579
2025-10-16,0.0124778987161198
2025-10-17,0.0123107379310344
2025-10-20,0.0123542657627118
2025-10-21,0.0122760389131164
2025-10-22,0.0123068139691067
2025-10-23,0.0122799736308316
2025-10-24,0.0125652453083109
2025-10-27,0.0126173414634146
2025-10-28,0.0126801693877551
2025-10-29,0.0125728753481894
2025-10-30,0.0125279847009735
2025-10-31,0.0123684152249134
2025-11-03,0.0123456788124156
2025-11-04,0.0123578995873452
2025-11-05,0.0122925626721763
2025-11-07,0.0123544798586572
2025-11-10,0.0123008947553678
2025-11-11,0.0123533043170559
2025-11-12,0.0123251373937677
2025-11-13,0.0124134317211948
2025-11-14,0.0123601603706343
2025-11-17,0.012305268925739
2025-11-18,0.0123341978571428
2025-11-19,0.012451408460718
2025-11-20,0.0125523431578947
2025-11-25,0.0126675281519861
2025-11-26,0.0127350897832817
2025-11-27,0.0128252979310344
2025-11-28,0.0128810540819841
2025-12-01,0.0128809376507061
2025-12-02,0.0129534350515463
2025-12-03,0.0129869958706125
2025-12-04,0.0131147541551246
2025-12-05,0.0130930494773519
2025-12-09,0.012931040221914
2025-12-10,0.0127116166956521
2025-12-11,0.0125345013927576
2025-12-12,0.0125016092990978
2025-12-15,0.0125885450121654
2025-12-16,0.0125580813232253
2025-12-17,0.0124474713990351
2025-12-18,0.0124918649207443
2025-12-19,0.0124336048275862
2025-12-22,0.0126912410468319
2025-12-23,0.0128230282563749
2025-12-26,0.0129291511187607
2025-12-29,0.012752043925875
2025-12-30,0.0126027278350515
2025-12-31,0.012637224742268
2026-01-02,0.0124455505084745
2026-01-05,0.0123209761904761
2026-01-06,0.0123892245315161
2026-01-07,0.0124186883561643
2026-01-08,0.0124287677595628
2026-01-09,0.0126740300341296
2026-01-12,0.0127711475298126
2026-01-13,0.0126782079615648
2026-01-14,0.0127454941500344
2026-01-15,0.0127944316446911
2026-01-16,0.0128454958041958
2026-01-19,0.0128996305332868
2026-01-20,0.0128230937608922
2026-01-21,0.0130157658161482
2026-01-22,0.0131453550192374
2026-01-23,0.0132056608513607
2026-01-26,0.0130569606956521
2026-01-27,0.0130809580589254
2026-01-28,0.0130570460366908
2026-01-29,0.0132756815507095
2026-01-30,0.0131534471319972
2026-02-02,0.0130567222605099
2026-02-03,0.0130001313969571
2026-02-04,0.013103120552677
2026-02-05,0.0130316927877947
2026-02-06,0.0129787709497206
2026-02-09,0.0129665190677966
2026-02-10,0.0129247389758179
2026-02-11,0.0129591592857142
2026-02-12,0.0129533677419354
2026-02-13,0.0130224608788853
2026-02-18,0.0130240042979942
2026-02-19,0.0130381835853131
2026-02-20,0.0130222405523255
2026-02-23,0.0129809777453484
2026-02-24,0.0130654907642158
2026-02-25,0.0129729449606862
2026-02-26,0.0130109396306818
2026-02-27,0.0129407959914101
2026-03-02,0.0129101892473118
2026-03-03,0.0128907512367491
2026-03-04,0.01284762441985
2026-03-05,0.0127058024164889
2026-03-06,0.0126702563559322
2026-03-09,0.0127534103107344
2026-03-10,0.0126663085714285
2026-03-11,0.0126576189111747
2026-03-12,0.0125759426317676
2026-03-13,0.0124565578571428
2026-03-16,0.012302952722063
2026-03-17,0.0121304018624641
2026-03-18,0.011929543758967
2026-03-19,0.0116279067766224
2026-03-20,0.012012012225818
2026-03-25,0.0123424943738656
2026-03-26,0.0122794159356725
2026-03-27,0.0122754661844484
2026-03-30,0.0122999871244635
2026-03-31,0.0123001230101302
2026-04-01,0.0124429024390243
2026-04-06,0.0126605197415649
2026-04-07,0.0126605192100538
2026-04-08,0.0127404929729729
2026-04-09,0.0128793779869659
2026-04-10,0.013000502919708
2026-04-13,0.0131276669128508
2026-04-14,0.0132486304985337
2026-04-15,0.0132349006622516
2026-04-16,0.0130974396170839
2026-04-17,0.0131616870648589
2026-04-20,0.0084253449527959
2026-04-21,0.0133323555070883
2026-04-22,0.0133422815674891
2026-04-23,0.0132226508620689
2026-04-24,0.0132791368345837
2026-04-27,0.0133447918136908
2026-04-28,0.0132780085439658
2026-04-29,0.0133667502694933
2026-04-30,0.0133307735442127
2026-05-04,0.0132625996434937
2026-05-05,0.0132529849246231
2026-05-06,0.0133710756484149
2026-05-07,0.0134160300859598
2026-05-08,0.0134702811158798
2026-05-11,0.0135547452389507
2026-05-12,0.0135422998554913
2026-05-13,0.0135566012931034
2026-05-14,0.0136658691588785
2026-05-15,0.0137150692004302
2026-05-18,0.0137529828203292
2026-05-19,0.0140517725321888
2026-05-20,0.0140364867573371
2026-05-21,0.014045003238575
2026-05-22,0.0140011511047754
2026-05-26,0.0139159865343727
2026-05-27,0.014083217699115
2026-05-28,0.014115959574468
2026-05-29,0.0140845071022727
2026-06-01,0.0138816781206171
2026-06-02,0.013661202522775
2026-06-03,0.0135478408063955
2026-06-04,0.0136239784197702
2026-06-05,0.0135708226310308
2026-06-08,0.0136990992049775
2026-06-09,0.0139220117973629
2026-06-10,0.013907122513089
2026-06-11,0.0138937130890052
2026-06-12,0.0138300917366946
2026-06-16,0.0137972523494604
2026-06-17,0.0137202816510579
2026-06-18,0.0136425651274982
2026-06-19,0.0136551019849418
2026-06-22,0.013485503934314
2026-06-23,0.0134183160040774
2026-06-24,0.0133535774171737
2026-06-25,0.0132583439404197
2026-06-26,0.0127047853757616
2026-06-29,0.0129731636854539
2026-06-30,0.0127206234817813
2026-07-01,0.0128644170584284
2026-07-02,0.0128797096774193
2026-07-03,0.0129848881424252
2026-07-06,0.0129780800538176
2026-07-07,0.0130902902144772
2026-07-08,0.0130286538978494
2026-07-13,0.0130363819163292
2026-07-14,0.0129054740061162
2026-07-15,0.0129032255001695
2026-07-16,0.012806819105691
2026-07-17,0.0128020317997293
2026-07-20,0.0127332734638757
2026-07-21,0.0127526131979695
2026-07-22,0.0127957741065407
2026-07-23,0.0127595124244459
2026-07-24,0.0128732104208416
2026-07-27,0.0128258730794923
2026-07-28,0.0127154152202937
2026-07-29,0.0125293342245989
2026-07-30,0.0125540134408602
2026-07-31,0.0126016323232323
2026-08-03,0.0124591183946488
2026-08-04,0.0124031009358288
2026-08-05,0.0123494908118944
2026-08-06,0.0122737039013004
2026-08-07,0.0121549516182849
2026-08-10,0.0121212123035773
2026-08-11,0.0121276363636363
2026-08-12,0.0120545249748575
2026-08-13,0.0120282808310991
2026-08-14,0.0118802238655462
2026-08-18,0.0117746381270903
2026-08-19,0.0118925156980627
2026-08-20,0.012064050768203
2026-08-21,0.0120843875917278
2026-08-24,0.0119396854304635
2026-08-25,0.0119420807145219
2026-08-26,0.0118518520475561
2026-08-27,0.0116297189153439
2026-08-28,0.011641443783068785
2026-08-31,0.011627636725223732
2026-09-01,0.011517420356906808
