TIME_PERIOD,ipc
1925-07,2.316268
1925-08,2.316268
1925-09,2.316268
1925-10,2.323441
1925-11,2.323441
1925-12,2.323441
1926-01,2.306337
1926-02,2.306337
1926-03,2.306337
1926-04,2.316268
1926-05,2.316268
1926-06,2.316268
1926-07,2.319137
1926-08,2.319137
1926-09,2.319137
1926-10,2.309206
1926-11,2.309206
1926-12,2.309206
1927-01,2.304902
1927-02,2.304902
1927-03,2.304902
1927-04,2.296405
1927-05,2.296405
1927-06,2.296405
1927-07,2.286474
1927-08,2.286474
1927-09,2.286474
1927-10,2.287908
1927-11,2.287908
1927-12,2.287908
1928-01,2.287908
1928-02,2.287908
1928-03,2.287908
1928-04,2.302143
1928-05,2.302143
1928-06,2.302143
1928-07,2.290777
1928-08,2.290777
1928-09,2.290777
1928-10,2.302143
1928-11,2.302143
1928-12,2.302143
1929-01,2.289343
1929-02,2.289343
1929-03,2.289343
1929-04,2.285039
1929-05,2.285039
1929-06,2.285039
1929-07,2.291219
1929-08,2.291219
1929-09,2.291219
1929-10,2.291219
1929-11,2.291219
1929-12,2.291219
1930-01,2.275218
1930-02,2.275218
1930-03,2.275218
1930-04,2.261534
1930-05,2.261534
1930-06,2.261534
1930-07,2.238692
1930-08,2.238692
1930-09,2.238692
1930-10,2.199848
1930-11,2.199848
1930-12,2.199848
1931-01,2.129003
1931-02,2.129003
1931-03,2.129003
1931-04,2.085635
1931-05,2.085635
1931-06,2.085635
1931-07,2.035315
1931-08,2.035315
1931-09,2.035315
1931-10,2.028473
1931-11,2.028473
1931-12,2.028473
1932-01,1.998788
1932-02,1.998788
1932-03,1.998788
1932-04,1.916577
1932-05,1.916577
1932-06,1.916577
1932-07,1.875416
1932-08,1.875416
1932-09,1.875416
1932-10,1.841207
1932-11,1.841207
1932-12,1.841207
1933-01,1.820682
1933-02,1.820682
1933-03,1.820682
1933-04,1.818364
1933-05,1.818364
1933-06,1.818364
1933-07,1.818364
1933-08,1.818364
1933-09,1.818364
1933-10,1.827524
1933-11,1.827524
1933-12,1.827524
1934-01,1.836572
1934-02,1.836572
1934-03,1.836572
1934-04,1.854891
1934-05,1.854891
1934-06,1.854891
1934-07,1.843524
1934-08,1.843524
1934-09,1.843524
1934-10,1.850366
1934-11,1.850366
1934-12,1.850366
1935-01,1.886892
1935-02,1.886892
1935-03,1.886892
1935-04,1.907418
1935-05,1.907418
1935-06,1.907418
1935-07,1.914259
1935-08,1.914259
1935-09,1.914259
1935-10,1.953103
1935-11,1.953103
1935-12,1.953103
1936-01,1.918894
1936-02,1.918894
1936-03,1.918894
1936-04,1.95542
1936-05,1.95542
1936-06,1.95542
1936-07,1.987422
1936-08,1.987422
1936-09,1.987422
1936-10,2.017107
1936-11,2.017107
1936-12,2.017107
1937-01,2.051315
1937-02,2.051315
1937-03,2.051315
1937-04,2.099318
1937-05,2.099318
1937-06,2.099318
1937-07,2.117636
1937-08,2.117636
1937-09,2.117636
1937-10,2.163322
1937-11,2.163322
1937-12,2.163322
1938-01,2.154163
1938-02,2.154163
1938-03,2.154163
1938-04,2.172481
1938-05,2.172481
1938-06,2.172481
1938-07,2.174688
1938-08,2.174688
1938-09,2.174688
1938-10,2.177005
1938-11,2.177005
1938-12,2.177005
1939-01,2.213531
1939-02,2.213531
1939-03,2.213531
1939-04,2.245533
1939-05,2.245533
1939-06,2.245533
1939-07,2.2729
1939-08,2.2729
1939-09,2.2729
1939-10,2.343746
1939-11,2.343746
1939-12,2.343746
1940-01,2.314061
1940-02,2.314061
1940-03,2.314061
1940-04,2.350587
1940-05,2.350587
1940-06,2.350587
1940-07,2.380272
1940-08,2.380272
1940-09,2.380272
1940-10,2.407749
1940-11,2.407749
1940-12,2.407749
1941-01,2.412274
1941-02,2.412274
1941-03,2.412274
1941-04,2.441958
1941-05,2.441958
1941-06,2.441958
1941-07,2.451117
1941-08,2.451117
1941-09,2.451117
1941-10,2.49912
1941-11,2.49912
1941-12,2.49912
1942-01,2.467118
1942-02,2.467118
1942-03,2.467118
1942-04,2.505962
1942-05,2.505962
1942-06,2.505962
1942-07,2.553964
1942-08,2.553964
1942-09,2.553964
1942-10,2.597332
1942-11,2.597332
1942-12,2.597332
1943-01,2.565331
1943-02,2.565331
1943-03,2.565331
1943-04,2.572172
1943-05,2.572172
1943-06,2.572172
1943-07,2.59965
1943-08,2.59965
1943-09,2.59965
1943-10,2.633859
1943-11,2.633859
1943-12,2.633859
1944-01,2.611016
1944-02,2.611016
1944-03,2.611016
1944-04,2.624699
1944-05,2.624699
1944-06,2.624699
1944-07,2.643018
1944-08,2.643018
1944-09,2.643018
1944-10,2.672702
1944-11,2.672702
1944-12,2.672702
1945-01,2.656701
1945-02,2.656701
1945-03,2.656701
1945-04,2.659019
1945-05,2.659019
1945-06,2.659019
1945-07,2.672702
1945-08,2.672702
1945-09,2.672702
1945-10,2.707021
1945-11,2.707021
1945-12,2.707021
1946-01,2.681861
1946-02,2.681861
1946-03,2.681861
1946-04,2.686386
1946-05,2.686386
1946-06,2.686386
1946-07,2.707021
1946-08,2.707021
1946-09,2.707021
1946-10,2.702387
1946-11,2.702387
1946-12,2.702387
1947-01,2.69102
1947-02,2.69102
1947-03,2.69102
1947-04,2.709228
1947-05,2.709228
1947-06,2.709228
1947-07,2.754914
1947-08,2.754914
1947-09,2.754914
1947-10,2.976499
1947-11,2.976499
1947-12,2.976499
1948-01,2.962815
1948-02,2.962815
1948-03,2.962815
1948-04,2.997134
1948-05,2.997134
1948-06,2.997134
1948-07,3.017659
1948-08,3.017659
1948-09,3.017659
1948-10,3.024501
1948-11,3.024501
1948-12,3.024501
1949-01,3.024501
1949-02,3.024501
1949-03,3.024501
1949-04,3.030571
1949-05,3.030571
1949-06,3.030571
1949-07,3.066876
1949-08,3.066876
1949-09,3.066876
1949-10,3.078904
1949-11,3.078904
1949-12,3.078904
1950-01,3.084974
1950-02,3.084974
1950-03,3.084974
1950-04,3.181751
1950-05,3.181751
1950-06,3.181751
1950-07,3.287578
1950-08,3.287578
1950-09,3.287578
1950-10,3.342092
1950-11,3.342092
1950-12,3.342092
1951-01,3.390425
1951-02,3.390425
1951-03,3.390425
1951-04,3.535647
1951-05,3.535647
1951-06,3.535647
1951-07,3.650523
1951-08,3.650523
1951-09,3.650523
1951-10,3.741342
1951-11,3.741342
1951-12,3.741342
1952-01,3.789675
1952-02,3.789675
1952-03,3.789675
1952-04,3.841099
1952-05,3.841099
1952-06,3.841099
1952-07,3.883474
1952-08,3.883474
1952-09,3.883474
1952-10,3.91371
1952-11,3.91371
1952-12,3.91371
1953-01,3.952995
1953-02,3.952995
1953-03,3.952995
1953-04,3.998349
1953-05,3.998349
1953-06,3.998349
1953-07,4.043703
1953-08,4.043703
1953-09,4.043703
1953-10,4.131433
1953-11,4.131433
1953-12,4.131433
1954-01,4.164759
1954-02,4.164759
1954-03,4.164759
1954-04,4.23428
1954-05,4.23428
1954-06,4.23428
1954-07,4.240349
1954-08,4.240349
1954-09,4.240349
1954-10,4.2313
1954-11,4.2313
1954-12,4.2313
1955-01,4.288683
1955-02,4.288683
1955-03,4.288683
1955-04,4.331058
1955-05,4.331058
1955-06,4.331058
1955-07,4.337127
1955-08,4.337127
1955-09,4.337127
1955-10,4.337127
1955-11,4.337127
1955-12,4.337127
1956-01,4.381267
1956-02,4.381267
1956-03,4.381267
1956-04,4.44185
1956-05,4.44185
1956-06,4.44185
1956-07,4.536973
1956-08,4.536973
1956-09,4.536973
1956-10,4.536973
1956-11,4.536973
1956-12,4.536973
1957-01,4.502322
1957-02,4.502322
1957-03,4.502322
1957-04,4.567209
1957-05,4.567209
1957-06,4.567209
1957-07,4.597555
1957-08,4.597555
1957-09,4.597555
1957-10,4.619184
1957-11,4.619184
1957-12,4.619184
1958-01,4.623488
1958-02,4.623488
1958-03,4.623488
1958-04,4.671049
1958-05,4.671049
1958-06,4.671049
1958-07,4.887337
1958-08,4.887337
1958-09,4.887337
1958-10,4.917573
1958-11,4.917573
1958-12,4.917573
1959-01,4.926181
1959-02,4.926181
1959-03,4.926181
1959-04,4.939202
1959-05,4.939202
1959-06,4.939202
1959-07,4.991067
1959-08,4.991067
1959-09,4.991067
1959-10,4.973742
1959-11,4.973742
1959-12,4.973742
1960-01,4.952113
1960-02,4.952113
1960-03,4.952113
1960-04,4.960831
1960-05,4.960831
1960-06,4.960831
1960-07,5.004089
1960-08,5.004089
1960-09,5.004089
1960-10,5.05165
1960-11,5.05165
1960-12,5.05165
1961-01,5.030021
1961-02,5.030021
1961-03,5.030021
1961-04,5.030021
1961-05,5.030021
1961-06,5.030021
1961-07,5.107818
1961-08,5.107818
1961-09,5.107818
1961-10,5.159794
1961-11,5.159794
1961-12,5.159794
1962-01,5.177009
1962-02,5.177009
1962-03,5.177009
1962-04,5.194334
1962-05,5.194334
1962-06,5.194334
1962-07,5.233288
1962-08,5.233288
1962-09,5.233288
1962-10,5.267938
1962-11,5.267938
1962-12,5.267938
1963-01,5.272242
1963-02,5.272242
1963-03,5.272242
1963-04,5.29387
1963-05,5.29387
1963-06,5.29387
1963-07,5.332714
1963-08,5.332714
1963-09,5.332714
1963-10,5.384689
1963-11,5.384689
1963-12,5.384689
1964-01,5.406318
1964-02,5.406318
1964-03,5.406318
1964-04,5.453879
1964-05,5.453879
1964-06,5.453879
1964-07,5.536091
1964-08,5.536091
1964-09,5.536091
1964-10,5.62691
1964-11,5.62691
1964-12,5.62691
1965-01,5.639821
1965-02,5.639821
1965-03,5.639821
1965-04,5.648539
1965-05,5.648539
1965-06,5.648539
1965-07,5.722032
1965-08,5.722032
1965-09,5.722032
1965-10,5.760986
1965-11,5.760986
1965-12,5.760986
1966-01,5.79983
1966-02,5.79983
1966-03,5.79983
1966-04,5.834039
1966-05,5.834039
1966-06,5.834039
1966-07,5.868137
1966-08,5.868137
1966-09,5.868137
1966-10,5.896608
1966-11,5.896608
1966-12,5.896608
1967-01,6.044588
1967-02,6.044588
1967-03,6.044588
1967-04,6.209674
1967-05,6.209674
1967-06,6.209674
1967-07,6.277981
1967-08,6.277981
1967-09,6.277981
1967-10,6.283719
1967-11,6.283719
1967-12,6.283719
1968-01,6.346288
1968-02,6.346288
1968-03,6.346288
1968-04,6.4317
1968-05,6.4317
1968-06,6.4317
1968-07,6.505635
1968-08,6.505635
1968-09,6.505635
1968-10,6.602413
1968-11,6.602413
1968-12,6.602413
1969-01,6.693453
1969-02,6.693453
1969-03,6.693453
1969-04,6.767498
1969-05,6.767498
1969-06,6.767498
1969-07,6.835805
1969-08,6.835805
1969-09,6.835805
1969-10,6.864276
1969-11,6.864276
1969-12,6.864276
1970-01,7.012257
1970-02,7.012257
1970-03,7.012257
1970-04,7.120401
1970-05,7.120401
1970-06,7.120401
1970-07,7.251277
1970-08,7.251277
1970-09,7.251277
1970-10,7.547239
1970-11,7.547239
1970-12,7.547239
1971-01,7.735056
1971-02,7.735056
1971-03,7.735056
1971-04,7.905879
1971-05,7.905879
1971-06,7.905879
1971-07,8.059488
1971-08,8.059488
1971-09,8.059488
1971-10,8.235939
1971-11,8.235939
1971-12,8.235939
1972-01,8.389658
1972-02,8.389658
1972-03,8.389658
1972-04,8.492064
1972-05,8.492064
1972-06,8.492064
1972-07,8.583104
1972-08,8.583104
1972-09,8.583104
1972-10,8.68562
1972-11,8.68562
1972-12,8.68562
1973-01,8.890542
1973-02,8.890542
1973-03,8.890542
1973-04,9.13519
1973-05,9.13519
1973-06,9.13519
1973-07,9.34585
1973-08,9.34585
1973-09,9.34585
1973-10,9.567766
1973-11,9.567766
1973-12,9.567766
1974-01,9.806897
1974-02,9.806897
1974-03,9.806897
1974-04,10.045917
1974-05,10.045917
1974-06,10.045917
1974-07,10.421552
1974-08,10.421552
1974-09,10.421552
1974-10,10.768716
1974-11,10.768716
1974-12,10.768716
1975-01,11.102639
1975-02,11.102639
1975-03,11.102639
1975-04,11.544153
1975-05,11.544153
1975-06,11.544153
1975-07,11.964149
1975-08,11.964149
1975-09,11.964149
1975-10,12.459515
1975-11,12.459515
1975-12,12.459515
1976-01,13.008622
1976-02,13.008622
1976-03,13.008622
1976-04,13.590172
1976-05,13.590172
1976-06,13.590172
1976-07,14.020982
1976-08,14.020982
1976-09,14.020982
1976-10,14.408645
1976-11,14.408645
1976-12,14.408645
1977-01,14.785494
1977-02,14.785494
1977-03,14.785494
1977-04,15.496265
1977-05,15.496265
1977-06,15.496265
1977-07,16.045482
1977-08,16.045482
1977-09,16.045482
1977-10,16.616218
1977-11,16.616218
1977-12,16.616218
1978-01,16.948485
1978-02,16.948485
1978-03,16.948485
1978-04,17.397172
1978-05,17.397172
1978-06,17.397172
1978-07,17.829196
1978-08,17.829196
1978-09,17.829196
1978-10,18.294436
1978-11,18.294436
1978-12,18.294436
1979-01,18.709908
1979-02,18.709908
1979-03,18.709908
1979-04,19.557294
1979-05,19.557294
1979-06,19.557294
1979-07,20.537652
1979-08,20.537652
1979-09,20.537652
1979-10,21.318607
1979-11,21.318607
1979-12,21.318607
1980-01,22.14944
1980-02,22.14944
1980-03,22.14944
1980-04,23.063257
1980-05,23.063257
1980-06,23.063257
1980-07,23.894089
1980-08,23.894089
1980-09,23.894089
1980-10,24.758138
1980-11,24.758138
1980-12,24.758138
1981-01,25.52563
1981-02,25.52563
1981-03,25.52563
1981-04,26.540749
1981-05,26.540749
1981-06,26.540749
1981-07,27.580587
1981-08,27.580587
1981-09,27.580587
1981-10,28.645143
1981-11,28.645143
1981-12,28.645143
1982-01,29.561277
1982-02,29.561277
1982-03,29.561277
1982-04,31.046713
1982-05,31.046713
1982-06,31.046713
1982-07,32.160817
1982-08,32.160817
1982-09,32.160817
1982-10,33.027403
1982-11,33.027403
1982-12,33.027403
1983-01,33.29975
1983-02,33.29975
1983-03,33.29975
1983-04,33.621533
1983-05,33.621533
1983-06,33.621533
1983-07,33.89388
1983-08,33.89388
1983-09,33.89388
1983-10,34.215774
1983-11,34.215774
1983-12,34.215774
1984-01,34.455236
1984-02,34.455236
1984-03,34.455236
1984-04,35.20805
1984-05,35.20805
1984-06,35.20805
1984-07,36.268745
1984-08,36.268745
1984-09,36.268745
1984-10,37.432065
1984-11,37.432065
1984-12,37.432065
1985-01,39.07442
1985-02,39.07442
1985-03,39.07442
1985-04,41.058973
1985-05,41.058973
1985-06,41.058973
1985-07,42.188085
1985-08,42.188085
1985-09,42.188085
1985-10,43.146042
1985-11,43.146042
1985-12,43.146042
1986-01,44.138318
1986-02,44.138318
1986-03,44.138318
1986-04,45.335848
1986-05,45.335848
1986-06,45.335848
1986-07,46.841367
1986-08,46.841367
1986-09,46.841367
1986-10,51.015726
1986-11,51.015726
1986-12,51.015726
1987-01,52.213256
1987-02,52.213256
1987-03,52.213256
1987-04,53.924028
1987-05,53.924028
1987-06,53.924028
1987-07,54.779469
1987-08,54.779469
1987-09,54.779469
1987-10,55.908581
1987-11,55.908581
1987-12,55.908581
1988-01,56.900857
1988-02,56.900857
1988-03,56.900857
1988-04,57.345682
1988-05,57.345682
1988-06,57.345682
1988-07,57.858815
1988-08,57.858815
1988-09,57.858815
1988-10,58.543212
1988-11,58.543212
1988-12,58.543212
1989-01,59.18711
1989-02,59.18711
1989-03,59.18711
1989-04,59.889715
1989-05,59.889715
1989-06,59.889715
1989-07,61.997199
1989-08,61.997199
1989-09,61.997199
1989-10,62.75829
1989-11,62.75829
1989-12,62.75829
1990-01,63.343703
1990-02,63.343703
1990-03,63.343703
1990-04,64.456041
1990-05,64.456041
1990-06,64.456041
1990-07,65.10005
1990-08,65.10005
1990-09,65.10005
1990-10,65.802544
1990-11,65.802544
1990-12,65.802544
1991-01,66.212388
1991-02,66.212388
1991-03,66.212388
1991-04,66.270874
1991-05,66.270874
1991-06,66.270874
1991-07,66.505039
1991-08,66.505039
1991-09,66.505039
1991-10,66.446553
1991-11,66.446553
1991-12,66.446553
1992-01,66.739204
1992-02,66.739204
1992-03,66.739204
1992-04,66.914883
1992-05,66.914883
1992-06,66.914883
1992-07,67.149048
1992-08,67.149048
1992-09,67.149048
1992-10,67.324616
1992-11,67.324616
1992-12,67.324616
1993-01,67.383213
1993-02,67.383213
1993-03,67.383213
1993-04,67.793056
1993-05,67.793056
1993-06,67.793056
1993-07,68.144304
1993-08,68.144304
1993-09,68.144304
1993-10,68.261386
1993-11,68.261386
1993-12,68.261386
1994-01,68.261386
1994-02,68.261386
1994-03,68.261386
1994-04,68.534395
1994-05,68.534395
1994-06,68.534395
1994-07,69.353531
1994-08,69.353531
1994-09,69.353531
1994-10,70.172666
1994-11,70.172666
1994-12,70.172666
1995-01,70.991802
1995-02,70.991802
1995-03,70.991802
1995-04,71.674434
1995-05,71.674434
1995-06,71.674434
1995-07,71.810938
1995-08,71.810938
1995-09,71.810938
1995-10,72.22045
1995-11,72.22045
1995-12,72.22045
1996-01,72.561766
1996-02,72.561766
1996-03,72.561766
1996-04,73.107894
1996-05,73.107894
1996-06,73.107894
1996-07,73.517517
1996-08,73.517517
1996-09,73.517517
1996-10,74.063534
1996-11,74.063534
1996-12,74.063534
1997-01,73.858832
1997-02,73.858832
1997-03,73.858832
1997-04,73.927029
1997-05,73.927029
1997-06,73.927029
1997-07,74.268345
1997-08,74.268345
1997-09,74.268345
1997-10,74.677968
1997-11,74.677968
1997-12,74.677968
1998-01,74.814472
1998-02,74.814472
1998-03,74.814472
1998-04,75.155788
1998-05,75.155788
1998-06,75.155788
1998-07,75.565301
1998-08,75.565301
1998-09,75.565301
1998-10,74.950977
1998-11,74.950977
1998-12,74.950977
1999-01,74.746165
1999-02,74.746165
1999-03,74.746165
1999-04,74.882669
1999-05,74.882669
1999-06,74.882669
1999-07,75.182272
1999-08,75.182272
1999-09,75.182272
1999-10,75.332019
1999-11,75.332019
1999-12,75.332019
2000-01,75.856186
2000-02,75.856186
2000-03,75.856186
2000-04,76.380354
2000-05,76.380354
2000-06,76.380354
2000-07,77.428688
2000-08,77.428688
2000-09,77.428688
2000-10,78.327277
2000-11,78.327277
2000-12,78.327277
2001-01,78.177531
2001-02,78.177531
2001-03,78.177531
2001-04,78.851444
2001-05,78.851444
2001-06,78.851444
2001-07,79.300794
2001-08,79.300794
2001-09,79.300794
2001-10,79.750033
2001-11,79.750033
2001-12,79.750033
2002-01,80.199382
2002-02,80.199382
2002-03,80.199382
2002-04,81.023042
2002-05,81.023042
2002-06,81.023042
2002-07,81.397463
2002-08,81.397463
2002-09,81.397463
2002-10,81.921631
2002-11,81.921631
2002-12,81.921631
2003-01,82.221234
2003-02,82.221234
2003-03,82.221234
2003-04,82.221234
2003-05,82.221234
2003-06,82.221234
2003-07,82.595655
2003-08,82.595655
2003-09,82.595655
2003-10,83.19464
2003-11,83.19464
2003-12,83.19464
2004-01,83.494244
2004-02,83.494244
2004-03,83.494244
2004-04,84.168157
2004-05,84.168157
2004-06,84.168157
2004-07,84.692325
2004-08,84.692325
2004-09,84.692325
2004-10,85.441167
2004-11,85.441167
2004-12,85.441167
2005-01,85.815588
2005-02,85.815588
2005-03,85.815588
2005-04,86.56443
2005-05,86.56443
2005-06,86.56443
2005-07,87.537837
2005-08,87.537837
2005-09,87.537837
2005-10,88.136932
2005-11,88.136932
2005-12,88.136932
2006-01,88.6611
2006-02,88.6611
2006-03,88.6611
2006-04,90.009038
2006-05,90.009038
2006-06,90.009038
2006-07,90.639032
2006-08,90.639032
2006-09,90.639032
2006-10,90.459049
2006-11,90.459049
2006-12,90.459049
2007-01,90.909061
2007-02,90.909061
2007-03,90.909061
2007-04,91.809194
2007-05,91.809194
2007-06,91.809194
2007-07,92.259206
2007-08,92.259206
2007-09,92.259206
2007-10,93.339322
2007-11,93.339322
2007-12,93.339322
2008-01,93.969426
2008-02,93.969426
2008-03,93.969426
2008-04,95.499554
2008-05,95.499554
2008-06,95.499554
2008-07,96.939745
2008-08,96.939745
2008-09,96.939745
2008-10,96.489623
2008-11,96.489623
2008-12,96.489623
2009-01,96.759652
2009-02,96.759652
2009-03,96.759652
2009-04,97.29971
2009-05,97.29971
2009-06,97.29971
2009-07,98.559809
2009-08,98.559809
2009-09,98.559809
2009-10,98.379826
2009-11,98.379826
2009-12,98.379826
2010-01,98.739902
2010-02,98.739902
2010-03,98.739902
2010-04,98.919884
2010-05,98.919884
2010-06,98.919884
2010-07,100.0
2010-08,100.0
2010-09,100.0
2010-10,102.340214
2010-11,102.340214
2010-12,102.340214
2011-01,103.150301
2011-02,103.150301
2011-03,103.150301
2011-04,104.140371
2011-05,104.140371
2011-06,104.140371
2011-07,104.590493
2011-08,104.590493
2011-09,104.590493
2011-10,104.230417
2011-11,104.230417
2011-12,104.230417
2012-01,104.770475
2012-02,104.770475
2012-03,104.770475
2012-04,105.130551
2012-05,105.130551
2012-06,105.130551
2012-07,105.40058
2012-08,105.40058
2012-09,105.40058
2012-10,105.220487
2012-11,105.220487
2012-12,105.220487
2013-01,105.670609
2013-02,105.670609
2013-03,105.670609
2013-04,105.850591
2013-05,105.850591
2013-06,105.850591
2013-07,106.840661
2013-08,106.840661
2013-09,106.840661
2013-10,106.930707
2013-11,106.930707
2013-12,106.930707
2014-01,107.290783
2014-02,107.290783
2014-03,107.290783
2014-04,107.560812
2014-05,107.560812
2014-06,107.560812
2014-07,107.920777
2014-08,107.920777
2014-09,107.920777
2014-10,107.740794
2014-11,107.740794
2014-12,107.740794
2015-01,107.560812
2015-02,107.560812
2015-03,107.560812
2015-04,108.010823
2015-05,108.010823
2015-06,108.010823
2015-07,108.370788
2015-08,108.370788
2015-09,108.370788
2015-10,107.830841
2015-11,107.830841
2015-12,107.830841
2016-01,108.010823
2016-02,108.010823
2016-03,108.010823
2016-04,108.460835
2016-05,108.460835
2016-06,108.460835
2016-07,108.82091
2016-08,108.82091
2016-09,108.82091
2016-10,109.270922
2016-11,109.270922
2016-12,109.270922
2017-01,110.351038
2017-02,110.351038
2017-03,110.351038
2017-04,110.351038
2017-05,110.351038
2017-06,110.351038
2017-07,110.891096
2017-08,110.891096
2017-09,110.891096
2017-10,111.013144
2017-11,111.013144
2017-12,111.013144
2018-01,111.564899
2018-02,111.564899
2018-03,111.564899
2018-04,112.006303
2018-05,112.006303
2018-06,112.006303
2018-07,112.999463
2018-08,112.999463
2018-09,112.999463
2018-10,113.109814
2018-11,113.109814
2018-12,113.109814
2019-01,113.220165
2019-02,113.220165
2019-03,113.220165
2019-04,113.882271
2019-05,113.882271
2019-06,113.882271
2019-07,114.654728
2019-08,114.654728
2019-09,114.654728
2019-10,115.206483
2019-11,115.206483
2019-12,115.206483
2020-01,116.089292
2020-02,116.089292
2020-03,116.089292
2020-04,115.537536
2020-05,115.537536
2020-06,115.537536
2020-07,116.309994
2020-08,116.309994
2020-09,116.309994
2020-10,116.861749
2020-11,116.861749
2020-12,116.861749
2021-01,117.854908
2021-02,117.854908
2021-03,117.854908
2021-04,119.399823
2021-05,119.399823
2021-06,119.399823
2021-07,122.048248
2021-08,122.048248
2021-09,122.048248
2021-10,123.813864
2021-11,123.813864
2021-12,123.813864
2022-01,126.020885
2022-02,126.020885
2022-03,126.020885
2022-04,128.117555
2022-05,128.117555
2022-06,128.117555
2022-07,130.876331
2022-08,130.876331
2022-09,130.876331
2022-10,132.752298
2022-11,132.752298
2022-12,132.752298
2023-01,134.407564
2023-02,134.407564
2023-03,134.407564
2023-04,135.842127
2023-05,135.842127
2023-06,135.842127
2023-07,138.26985
2023-08,138.26985
2023-09,138.26985
2023-10,138.931956
2023-11,138.931956
2023-12,138.931956
2024-01,139.814765
2024-02,139.814765
2024-03,139.814765
2024-04,140.36652
2024-05,140.36652
2024-06,140.36652
2024-07,141.249328
2024-08,141.249328
2024-09,141.249328
2024-10,142.021786
2024-11,142.021786
2024-12,142.021786
2025-01,143.345998
2025-02,143.345998
2025-03,143.345998
2025-04,144.118455
2025-05,144.118455
2025-06,144.118455
2025-07,145.553019
2025-08,145.553019
2025-09,145.553019
2025-10,146.435827
2025-11,146.435827
2025-12,146.435827
2026-01,147.760039
2026-02,147.760039
2026-03,147.760039
2026-04,149.96706
2026-05,149.96706
2026-06,149.96706
