fecha,ITCRM BCRA,IMPO total,IMPO - Origen Brasil,IMPO - Origen asiático,IMPO - Origen diversificado,IMPO - Otros productos de metal,IMPO - Equipos y aparatos eléctricos,IMPO - Autopartes,IMPO - Bienes de capital,IMPO - Maquinaria agrícola,IMPO - Equipamiento médico,IMPO - Buques y embarcaciones,IMPO - Carrocerias y remolques,EXPO total,EXPO - Destino Brasil,EXPO - Destino extrarregional,EXPO - Destino regional,EXPO - Otros productos de metal,EXPO - Autopartes,EXPO - Bienes de capital,EXPO - Equipos y aparatos eléctricos,EXPO - Maquinaria agrícola,EXPO - Buques y embarcaciones,EXPO - Equipamiento médico,EXPO - Carrocerias y remolques
1997-01-31,85.3515,71.6474,80.4936,67.8273,70.3153,71.1146,64.2289,81.4206,71.0788,91.1607,74.1793,46.6118,69.5695,89.1223,98.9981,83.9149,100.0307,80.2443,98.9981,93.3314,90.9444,89.7825,92.7056,81.6319,99.4972
1997-02-28,84.0417,70.4935,79.1412,67.0109,68.6712,70.3941,63.1845,80.0185,69.4617,90.4564,72.5489,44.7131,69.0721,88.6494,98.1206,83.6222,99.7091,79.9084,98.1206,93.0018,90.9556,89.4911,91.3407,81.4526,99.7413
1997-03-31,83.8017,70.384,79.0701,66.9431,68.4473,70.379,63.0087,79.9505,69.213,90.2764,72.2799,44.9108,68.9789,88.5584,97.7774,83.6509,99.5847,79.9458,97.7774,92.9957,90.9886,89.3616,91.0651,81.4506,99.85
1997-04-30,84.0587,70.5687,79.3617,67.125,68.5427,70.5935,63.134,80.2392,69.3247,90.7658,72.4088,44.7133,69.2875,88.9822,98.4269,83.9623,100.1361,80.2014,98.4269,93.431,91.4321,89.877,91.3067,81.8073,100.3605
1997-05-31,84.5263,71.134,80.1061,67.615,69.0951,71.095,63.6223,81.0167,69.827,91.0069,72.9238,45.9626,69.4915,89.4338,98.8365,84.4432,100.3717,80.7282,98.8365,93.8629,91.7259,90.0945,91.6412,82.2744,100.5685
1997-06-30,84.291,71.0996,80.2014,67.5959,68.9207,71.1171,63.5203,81.1265,69.6127,90.7897,72.6855,46.4482,69.347,89.3668,98.5532,84.484,100.1706,80.8122,98.5532,93.8166,91.6523,89.9042,91.2778,82.2821,100.5797
1997-07-31,83.385,70.3407,79.4679,67.0002,67.8303,70.6172,62.7097,80.3744,68.5311,90.1995,71.4901,45.4658,68.9301,88.8856,97.9028,84.0848,99.6507,80.4119,97.9028,93.3341,91.3864,89.4422,90.2153,81.8606,100.0557
1997-08-31,82.4436,69.5191,78.3505,66.3984,66.8385,70.0627,61.989,79.2214,67.5567,89.4713,70.5376,44.2641,68.5282,88.3643,97.1049,83.6988,98.9762,80.0437,97.1049,92.817,91.0995,88.8222,89.3261,81.6687,99.5523
1997-09-30,83.0211,69.9103,78.5346,66.7012,67.5722,70.3102,62.4135,79.4125,68.3196,89.5468,71.3301,44.4525,68.7151,88.6247,97.5418,83.8916,98.8699,80.2427,97.5418,93.0047,91.2651,88.7388,90.0278,82.0026,99.2376
1997-10-31,83.4733,70.2435,78.8734,66.9319,68.098,70.5437,62.6486,79.7659,68.8539,89.6654,71.8393,44.837,68.8675,88.9102,97.8644,84.1688,98.9481,80.4951,97.8644,93.3333,91.6068,88.7981,90.5661,82.3239,99.2857
1997-11-30,83.6703,70.3936,78.904,66.9623,68.5878,70.542,62.7437,79.7932,69.3881,89.782,72.3422,44.6438,69.0204,88.5826,97.675,83.775,98.6675,80.1325,97.675,92.8837,91.1182,88.485,91.0267,81.8495,98.64
1997-12-31,82.9065,69.6959,78.1576,66.398,67.6798,70.0118,62.0897,79.0176,68.5015,89.4346,71.456,43.5172,68.7994,88.1502,97.3218,83.3044,98.2632,79.6752,97.3218,92.3171,90.7181,88.0764,90.4076,81.5726,97.892
1998-01-31,81.9446,68.9014,77.3986,65.725,66.6332,69.3582,61.3519,78.2401,67.445,88.8094,70.3607,42.7414,68.3744,87.0774,96.3482,82.1944,97.1299,78.6509,96.3482,90.9916,89.4402,87.1817,89.006,80.5131,96.2794
1998-02-28,81.8596,68.9661,77.4785,65.8008,66.6618,69.4336,61.4316,78.3421,67.424,88.3763,70.3676,43.2616,68.0948,86.9537,95.8527,82.2592,96.5385,78.8019,95.8527,90.9273,89.2022,86.9057,88.4844,80.4624,96.3133
1998-03-31,81.3078,68.624,76.942,65.5132,66.3814,69.1141,61.1939,77.8078,67.1424,87.5497,70.0972,43.0645,67.6431,86.5411,95.1421,81.9994,95.6995,78.6546,95.1421,90.398,88.707,85.9975,88.1157,80.389,95.5609
1998-04-30,81.7484,68.946,77.4351,65.7654,66.6917,69.3614,61.4659,78.3075,67.4601,88.0933,70.4112,43.2972,67.9589,87.0251,95.9761,82.3292,96.124,78.9261,95.9761,90.8984,89.1107,86.5612,88.2683,80.6304,96.1815
1998-05-31,82.2405,69.419,77.8417,66.1389,67.4062,69.6869,61.9476,78.7275,68.1721,88.3357,71.1702,43.9445,68.1897,87.3308,96.4228,82.5805,96.2093,79.1711,96.4228,91.1947,89.3295,86.6321,88.8454,80.9771,96.2108
1998-06-30,81.7682,68.9661,77.2431,65.7327,66.9921,69.2955,61.4961,78.1091,67.7822,87.9645,70.7424,43.2661,67.9914,86.6891,95.562,82.0337,95.6629,78.6314,95.562,90.5929,88.8251,86.0163,88.4252,80.4395,95.575
1998-07-31,81.3366,68.6335,76.8418,65.4315,66.6618,68.9655,61.2385,77.7029,67.4436,87.5073,70.4634,42.9953,67.7318,86.2188,94.9919,81.6248,94.8368,78.2789,94.9919,90.0593,88.2802,85.2117,87.4103,80.1843,94.8143
1998-08-31,80.9372,68.3463,76.2551,65.1738,66.5727,68.6802,61.0241,77.1078,67.3704,86.861,70.4296,42.6445,67.4541,85.5785,94.1605,81.0815,93.9509,77.811,94.1605,89.3276,87.5906,84.33,87.242,79.8413,93.7594
1998-09-30,81.9462,69.5637,77.5563,66.0573,68.361,69.5021,62.0637,78.4819,69.0896,86.9191,72.0754,45.184,67.6598,85.5476,94.0567,81.102,93.5762,77.9749,94.0567,89.122,87.1337,83.8933,88.2887,79.6691,93.0586
1998-10-31,83.085,70.8673,79.1462,67.0511,70.0188,70.4993,63.092,80.1602,70.6438,87.0426,73.5848,48.0043,67.9022,86.2172,94.7042,81.8002,93.7969,78.7472,94.7042,89.7386,87.538,84.1114,89.6679,80.4695,93.0388
1998-11-30,82.6905,70.4877,78.7654,66.7973,69.3938,70.3266,62.6694,79.7677,70.0071,86.7726,72.9586,47.5099,67.789,86.2548,94.5126,81.936,93.8745,78.8643,94.5126,89.8743,87.7819,84.1615,89.4997,80.8293,93.1353
1998-12-31,82.8155,70.7602,79.045,67.0057,69.7837,70.5109,62.9332,80.0709,70.3706,86.5983,73.3893,48.1107,67.7684,86.3038,94.6132,81.9835,93.4172,78.9876,94.6132,89.8096,87.5696,83.7009,89.4228,81.1233,92.4339
1999-01-31,78.2555,67.9658,74.0636,64.5755,68.2414,67.9516,60.6548,75.1212,68.7197,78.7525,71.8112,48.3806,63.7056,81.46,87.3088,78.4909,84.3571,76.5445,87.3088,83.8073,82.1243,74.8465,85.8333,79.6388,82.9046
1999-02-28,70.3068,62.7412,65.1238,60.052,65.0427,63.2048,56.3801,66.1926,65.4194,65.8121,68.7047,46.9934,56.8567,73.1909,75.1984,72.3695,69.599,72.1224,75.1984,73.6874,72.9321,60.5166,79.6358,77.1244,67.2463
1999-03-31,70.8673,63.0292,65.8224,60.401,64.8102,63.6412,56.5732,66.8681,65.2188,67.3062,68.5172,46.1893,57.6989,74.3001,76.6944,73.2564,71.3181,72.8005,76.6944,75.0261,74.2261,62.1935,79.9112,77.6779,69.2215
1999-04-30,73.6928,64.8825,69.0302,62.1264,65.6304,65.5331,58.046,70.0616,66.0861,72.1522,69.3212,46.1626,60.4163,77.8341,81.5365,76.0403,76.9814,74.939,81.5365,79.2441,78.2329,67.6726,82.1337,79.2698,75.3132
1999-05-31,74.4537,65.4149,69.7521,62.632,66.0353,66.0666,58.518,70.781,66.5204,73.2205,69.7501,46.0747,61.1205,78.7506,82.7671,76.7915,78.1659,75.6002,82.7671,80.1786,79.1939,68.8261,82.7858,79.8837,76.5432
1999-06-30,73.1862,64.5597,68.4555,61.8944,65.3584,65.3322,57.7445,69.4775,65.8226,71.5384,69.0439,45.8113,60.2184,77.3828,80.7155,75.7889,76.1518,74.8544,80.7155,78.5669,77.752,66.8464,81.7539,79.1356,74.502
1999-07-31,72.3361,64.086,67.8323,61.4985,64.8702,64.9102,57.3833,68.8555,65.3031,70.6316,68.5776,45.7572,59.7184,76.4877,79.9739,74.8647,74.3978,74.1767,79.9739,77.1268,76.3064,65.5705,80.4341,78.3884,72.645
1999-08-31,72.3178,64.4377,67.8377,61.7647,65.7127,65.1386,57.7332,68.9163,66.0739,69.37,69.3584,47.5486,59.2123,76.022,79.0499,74.6812,72.8284,74.285,79.0499,76.3625,75.4943,63.9826,80.4478,78.6448,70.8887
1999-09-30,72.5522,64.8659,68.5142,62.1646,65.9615,65.5979,58.0344,69.6187,66.2777,69.7331,69.5065,48.471,59.5062,76.2754,79.452,74.8641,73.0499,74.5346,79.452,76.4201,75.5274,64.2079,80.5632,78.7287,70.8897
1999-10-31,72.4735,64.9423,68.2932,62.1483,66.5053,65.5248,58.1275,69.4226,66.8031,68.8622,70.0533,49.2368,59.1338,75.7369,78.7815,74.422,71.8846,74.2612,78.7815,75.6423,74.7256,63.0562,80.6502,78.7036,69.3542
1999-11-30,72.3046,64.7673,68.5147,62.0456,65.8149,65.5048,57.8606,69.6251,66.1028,69.5974,69.3549,48.6574,59.48,76.0344,79.1934,74.6292,72.8062,74.3534,79.1934,76.0831,75.1681,63.8868,80.5322,78.7356,70.2093
1999-12-31,72.8037,65.1818,69.3829,62.4627,65.8006,66.0065,58.131,70.4937,66.077,70.8095,69.3248,48.7313,60.1535,76.9905,80.3836,75.4434,74.2967,75.0091,80.3836,77.2581,76.2625,65.3028,80.9651,79.3183,71.8136
2000-01-31,73.5534,65.7048,70.307,62.9785,65.9652,66.5307,58.6519,71.4091,66.2817,72.3101,69.4736,48.2997,60.9449,78.022,81.7523,76.2698,76.1369,75.602,81.7523,78.5998,77.5238,67.0793,81.592,79.7016,73.9049
2000-02-29,73.3329,65.2852,69.9816,62.7636,65.053,66.4245,58.2192,71.033,65.4054,73.0041,68.614,46.9002,61.2584,78.2881,81.9905,76.5145,77.0967,75.6889,81.9905,79.1097,78.1937,68.0315,81.1851,79.5863,75.3489
2000-03-31,73.6841,65.6482,70.5723,63.1583,65.1433,66.9127,58.4507,71.6352,65.4681,73.5685,68.6809,47.3413,61.6647,79.013,82.6177,77.2915,77.7554,76.4287,82.6177,79.9782,79.039,68.6837,81.3092,80.2792,76.3472
2000-04-30,73.635,65.6283,70.6438,63.1698,64.9801,67.0027,58.3131,71.7115,65.294,73.557,68.4956,47.3476,61.6984,79.2237,82.6792,77.5827,77.8132,76.7073,82.6792,80.279,79.3873,68.737,81.1493,80.6224,76.6302
2000-05-31,72.6859,64.7432,69.6944,62.4812,63.7758,66.3861,57.4617,70.7177,64.1095,73.2329,67.3289,45.9221,61.4795,78.603,81.7678,77.0849,77.5412,76.208,81.7678,79.7107,78.9994,68.3807,80.3072,80.097,76.4057
2000-06-30,73.771,65.8432,70.6494,63.3567,65.433,67.1714,58.5418,71.7123,65.7466,73.6538,69.0007,47.7121,61.9794,79.0304,82.4468,77.4134,77.5245,76.6525,82.4468,79.8476,79.0168,68.3391,81.4325,80.481,76.0135
2000-07-31,73.5794,65.68,70.4514,63.2459,65.1992,67.0598,58.4281,71.4966,65.5318,73.7746,68.806,47.1113,62.0802,78.8386,82.3667,77.1592,77.4876,76.4326,82.3667,79.518,78.6941,68.3282,81.3428,80.1973,75.7104
2000-08-31,73.246,65.3436,70.4638,63.068,64.2439,66.9533,58.1076,71.4822,64.5826,74.4161,67.8626,46.049,62.3389,79.1208,82.9088,77.2864,78.3138,76.4751,82.9088,79.8089,79.0165,69.1387,80.8798,80.182,76.5007
2000-09-30,72.4061,64.696,69.6991,62.5818,63.3917,66.5315,57.4811,70.7021,63.7053,73.6863,67.0008,45.5282,61.9526,78.5385,81.897,76.92,77.5765,76.2183,81.897,79.1623,78.5008,68.3365,80.1199,79.9519,75.7728
2000-10-31,71.7164,64.0975,68.9771,62.0434,62.793,66.0336,56.8464,69.9683,63.1123,72.935,66.3743,44.8834,61.5373,77.8752,80.8735,76.4371,76.809,75.7792,80.8735,78.5393,77.9979,67.485,79.5381,79.6169,75.0004
2000-11-30,70.966,63.6127,68.0252,61.5881,62.6697,65.5411,56.4439,69.0217,62.9693,71.4548,66.2809,44.9911,60.8119,76.9376,79.4833,75.7631,75.0421,75.3036,79.4833,77.4282,76.9519,65.7324,78.9848,79.4534,73.0889
2000-12-31,72.0688,64.667,68.8639,62.4606,64.2612,66.3138,57.5381,69.8903,64.5858,71.9327,67.9758,46.0527,61.3179,77.7157,80.6318,76.3872,75.2667,75.9823,80.6318,77.9793,77.4157,65.9829,80.169,80.3303,73.089
2001-01-31,73.3692,65.8177,69.8932,63.4289,65.8687,67.1969,58.7058,70.9368,66.2268,72.9719,69.6423,47.0105,62.1426,78.5586,81.8802,77.0318,76.1278,76.5974,81.8802,78.7365,78.05,66.8104,81.6162,80.8515,73.7541
2001-02-28,72.7506,65.3166,69.2032,63.1096,65.1813,66.9495,58.2371,70.2345,65.5199,72.273,68.9507,46.5501,61.827,78.1432,80.9044,76.9043,75.4585,76.5586,80.9044,78.3849,77.8072,66.1616,80.9319,80.8678,73.3927
2001-03-31,72.2892,64.8318,68.548,62.7105,64.688,66.5613,57.8022,69.5584,65.0506,71.8245,68.4973,45.6967,61.5781,77.7803,80.4337,76.6023,74.9429,76.2697,80.4337,78.0209,77.5335,65.6958,80.5043,80.7174,72.9561
2001-04-30,70.0405,63.2527,66.2252,61.2543,63.567,64.9977,56.4937,67.2351,63.9023,68.5622,67.4004,45.0866,59.6779,75.3706,77.5486,74.5052,71.0216,74.6097,77.5486,74.9646,74.6357,61.9889,78.4605,79.5542,68.5401
2001-05-31,69.3815,62.7707,65.6473,60.8581,63.008,64.6165,56.054,66.6523,63.327,67.861,66.8006,44.827,59.2315,74.7442,76.7218,73.9875,70.2268,74.1822,76.7218,74.2467,73.9591,61.2807,77.7571,79.1274,67.6993
2001-06-30,68.0966,61.8723,64.1807,60.1314,62.3067,63.8899,55.2995,65.1741,62.6197,66.0494,66.1413,44.1405,58.3072,73.5513,74.8862,73.168,68.1171,73.6573,74.8862,72.7986,72.6154,59.2998,76.6727,78.8041,65.5893
2001-07-31,67.9146,61.9506,64.0251,60.1872,62.6502,63.8786,55.4849,65.0213,62.9711,65.758,66.5723,44.2561,58.2798,73.1825,74.6838,72.7541,67.1036,73.4562,74.6838,72.0202,71.7003,58.5414,76.2512,78.4042,64.4478
2001-08-31,68.522,62.8538,64.7962,60.8798,64.0909,64.4603,56.4156,65.8444,64.368,65.66,68.0676,46.1257,58.4143,73.3318,75.0389,72.834,66.5991,73.7098,75.0389,71.8288,71.3336,58.0784,76.9733,78.8778,63.4607
2001-09-30,67.5005,62.412,63.7429,60.423,64.2767,63.959,56.0258,64.8182,64.5023,63.5831,68.2145,46.9242,57.3426,71.9886,72.9875,71.9185,64.0923,73.1455,72.9875,70.2179,69.7645,55.712,76.0573,78.445,61.0578
2001-10-31,66.4585,61.7455,62.6642,59.785,63.9616,63.2641,55.4716,63.7335,64.1858,62.2068,67.9271,46.713,56.5808,70.817,71.5759,70.9095,62.2352,72.3614,71.5759,68.7562,68.3484,53.9913,74.9781,77.7063,59.1423
2001-11-30,68.1002,62.6967,64.4831,60.7044,64.1236,64.3139,56.1779,65.5343,64.378,65.1483,68.1143,46.3537,58.2257,72.9137,74.4227,72.5635,65.425,73.5823,74.4227,71.2978,70.7617,57.1308,75.7595,78.5559,62.7656
2001-12-31,69.2132,63.4049,65.4298,61.3686,64.682,65.0089,56.8091,66.4759,64.9757,66.5789,68.7131,46.291,59.1008,74.1478,75.9673,73.6172,67.0892,74.4278,75.9673,72.7709,72.2058,58.7227,76.6963,79.3177,64.6639
2002-01-31,109.9983,100.2798,105.4088,96.3161,102.0169,102.1674,88.8975,107.0229,102.5587,108.9828,107.9787,72.568,94.9069,118.7418,123.3968,116.8879,110.0596,117.1434,123.3968,117.55,116.7327,96.524,121.7322,124.3699,106.5152
2002-02-28,134.3128,122.2383,127.9866,117.959,123.6981,125.1529,108.8203,129.9205,124.4001,132.8532,131.1968,86.9383,116.1353,144.9442,150.3612,142.8326,133.9365,143.4068,150.3612,143.1469,142.0784,117.6495,147.6614,152.1546,129.7444
2002-03-31,163.9991,149.2537,156.009,144.4118,150.4899,153.0994,133.4508,158.3823,151.2705,161.5844,159.7126,106.6783,141.2409,176.4751,183.0738,173.9291,162.6922,174.8514,183.0738,174.0961,172.1912,143.32,178.4322,184.7055,158.0915
2002-04-30,182.8022,166.4805,174.2035,161.0365,167.7725,170.6814,148.8954,176.8325,168.6431,180.9541,177.864,119.0967,157.5332,196.7181,204.6972,193.5709,181.7317,194.4854,204.6972,194.2605,191.418,160.5928,197.9843,203.6936,177.586
2002-05-31,191.195,175.7654,181.8363,169.7474,179.638,179.6257,157.5006,184.7314,180.3881,185.3857,190.1272,130.4916,163.5397,204.1673,210.9761,201.8512,184.7329,203.9969,210.9761,200.3459,197.0952,162.9777,208.5611,213.4347,179.8483
2002-06-30,198.8487,184.8107,188.5157,178.184,192.096,188.1345,166.1345,191.7194,192.6618,187.6103,203.0859,143.6065,168.4789,210.045,215.5275,208.7635,184.2356,212.6507,215.5275,204.0895,200.5206,162.3992,217.0413,222.8344,178.5297
2002-07-31,187.7423,176.9833,178.3621,170.4553,186.4962,179.614,159.6251,181.5587,186.7903,173.8402,196.7688,143.592,158.3573,196.2744,201.292,195.5133,166.3336,200.8895,201.292,188.4129,183.7156,147.2979,202.3273,208.1239,161.6742
2002-08-31,179.1338,169.9798,169.5943,164.1205,179.9761,173.0341,153.508,172.6831,180.1811,164.1182,189.9143,139.5981,151.4026,187.1385,190.3827,187.3537,156.0666,193.5093,190.3827,178.6884,174.2299,137.5326,193.3915,200.0581,151.6293
2002-09-30,174.0312,166.3489,164.5297,160.6762,177.5009,169.3341,150.4196,167.5793,177.6547,158.0185,187.197,138.7578,147.2803,181.1323,183.7305,181.78,148.7527,188.6781,183.7305,171.7981,167.2449,130.8319,188.2194,194.399,144.1118
2002-10-31,167.4303,160.8624,155.9219,155.4798,174.775,163.8054,145.6564,158.9934,174.8323,145.7619,184.5407,138.0937,139.8347,172.9657,172.1354,175.6011,136.9978,183.8596,172.1354,162.5749,159.5693,119.3643,184.0646,192.9136,131.3565
2002-11-30,165.9421,158.688,155.6858,153.0257,171.1789,161.2506,143.2977,158.6923,171.2447,146.933,180.3889,135.6082,138.6279,171.9025,172.6738,173.5337,138.645,180.6231,172.6738,162.7878,159.2138,121.8102,181.1133,187.9568,134.1996
2002-12-31,165.3199,158.0459,155.3135,152.2257,170.6101,160.3071,142.7439,158.3185,170.6578,146.5025,179.6094,135.7107,137.794,181.8647,173.1193,186.2014,188.5368,189.8349,173.1193,179.9577,181.6616,128.5447,263.1893,219.6468,143.1233
2003-01-31,158.1652,151.4888,150.5525,145.3268,163.0353,152.7875,136.7713,153.4531,162.9854,142.4143,171.2091,131.713,132.0616,166.3949,166.7241,167.3179,149.4667,172.3284,166.7241,160.0526,157.3194,120.8478,196.985,184.0193,132.3147
2003-02-28,151.8898,146.2907,144.5904,140.3207,158.3141,147.3878,132.3274,147.4233,158.2083,135.7576,166.1723,129.1194,126.7433,156.0766,158.7941,156.4199,127.611,162.7381,158.7941,147.2781,142.9986,112.5497,166.5442,167.1598,122.2599
2003-03-31,149.2548,143.382,142.7714,137.4441,154.1723,144.3784,129.5905,145.4973,154.1257,135.5046,161.7355,125.0344,125.1404,153.7793,157.291,153.5739,127.8481,159.2063,157.291,145.7514,141.2651,112.8895,163.425,162.8895,122.4266
2003-04-30,145.6427,138.9001,140.8076,132.826,147.2136,139.5192,125.2518,143.2343,147.2931,137.8651,154.1743,118.122,123.4457,150.9155,156.7665,149.2609,129.9122,153.3618,156.7665,144.3277,139.5443,115.0636,158.1778,155.953,124.7858
2003-05-31,148.7897,141.5704,144.8025,134.7309,150.005,141.1663,127.7595,147.3209,150.0122,142.2817,156.8252,121.6336,125.253,153.6662,161.6761,150.8648,134.0108,154.3543,161.6761,147.2782,141.9175,118.724,160.7337,156.3908,128.3256
2003-06-30,149.1352,141.5715,145.4845,134.5202,149.7061,140.8711,127.708,147.8858,149.7759,143.9085,156.4773,120.1003,126.0144,153.8971,162.2414,150.8531,135.9691,153.9692,162.2414,147.806,142.913,120.2827,162.1001,156.1008,129.5506
2003-07-31,147.4202,139.6291,143.5047,132.9355,147.0619,139.3644,125.8926,145.7483,147.1985,143.0724,153.7886,116.6027,125.0916,152.8006,160.5254,149.9735,135.355,153.0019,160.5254,146.8721,142.1483,119.8368,160.8786,155.2755,129.4075
2003-08-31,151.2234,143.3788,146.2252,136.8456,151.5436,143.5965,129.3369,148.6622,151.6734,144.6709,158.5986,119.9293,127.4728,157.0901,163.3095,154.9522,137.1831,158.6819,163.3095,150.0598,145.3602,121.2895,164.9878,160.2624,132.1733
2003-09-30,153.2821,145.2434,148.9771,138.4059,153.0737,145.2115,130.8519,151.3375,153.1642,148.202,159.926,122.1203,130.2236,159.0561,165.9694,156.617,139.5694,159.9896,165.9694,152.6965,148.1966,124.1456,166.639,161.1715,136.5777
2003-10-31,152.7421,144.8729,149.3607,137.5138,153.0496,144.1336,130.2799,151.8369,152.971,147.9029,159.5384,124.6571,129.8902,157.7543,165.4529,154.9968,138.4398,158.0686,165.4529,151.8568,147.429,123.7223,165.6332,158.3034,137.3919
2003-11-30,153.6582,145.686,149.8283,138.301,154.3048,145.057,130.8351,152.5672,154.1388,147.241,160.8214,126.6932,129.3744,158.903,165.9958,156.4206,138.8773,159.5818,165.9958,152.9986,148.7739,123.7472,166.8098,160.2932,140.831
2003-12-31,159.8272,151.5262,155.5533,143.5492,161.5102,150.5538,135.8125,158.8433,161.1797,150.9659,168.3008,134.7627,132.9278,164.5093,171.9821,161.9105,143.0752,165.1564,171.9821,158.3593,154.3117,127.406,173.6711,166.335,146.9236
2004-01-31,159.6028,151.0429,155.6061,143.0156,160.5345,149.9699,135.3496,158.8074,160.202,151.32,167.115,133.965,133.6957,163.8553,172.0686,160.9421,142.6653,163.764,172.0686,158.7109,154.4406,127.7409,171.5037,165.5278,147.7019
2004-02-29,160.3346,151.8243,155.6838,143.9063,161.8423,150.9005,136.1973,159.1671,161.4774,150.422,168.7336,134.8611,132.5792,164.4861,172.2315,161.7756,142.7948,164.8478,172.2315,158.7708,154.6193,127.3514,173.1232,167.348,147.2351
2004-03-31,157.197,148.9649,153.2089,141.3667,157.8614,148.1969,133.8592,156.1684,157.5804,149.5383,164.5617,130.2335,131.616,161.6803,169.8193,158.7675,140.9138,161.6591,169.8193,156.3441,151.8343,125.9602,170.1279,164.5611,142.941
2004-04-30,152.1855,144.2699,148.6529,136.8909,152.622,143.5608,129.5313,151.3924,152.3231,145.458,159.0163,126.0033,128.0637,156.7681,164.3847,154.0475,137.0936,156.8588,164.3847,151.6912,147.2779,122.6363,165.4595,159.4642,138.5717
2004-05-31,152.5414,144.7825,147.2535,137.6506,154.6197,144.5021,130.0307,150.6145,154.2457,142.2582,161.8065,127.3872,124.7519,156.9253,163.0617,154.9333,136.1572,158.4324,163.0617,150.2603,146.7438,120.3765,167.0939,160.9403,136.9227
2004-06-30,154.3483,146.6821,149.0063,139.328,157.2198,146.2505,131.6361,152.7428,156.8145,143.0052,164.5839,130.5538,125.3089,158.6445,164.8572,156.6415,137.2835,160.3238,164.8572,151.4866,147.9503,120.9278,169.1389,162.9862,137.627
2004-07-31,155.7746,147.9093,151.227,140.3727,157.7497,147.3014,132.6797,154.5759,157.3902,146.355,164.7645,130.3329,128.3812,160.385,167.3111,157.9259,139.5818,161.3428,167.3111,153.4407,149.623,123.4942,170.5408,163.6698,139.8757
2004-08-31,159.4049,151.2552,155.1602,143.6017,160.5873,150.5737,135.8792,158.2697,160.2627,151.0664,167.4349,132.2283,132.5581,164.2039,171.6469,161.437,143.5573,164.6115,171.6469,157.5078,153.6391,127.5018,173.8786,167.5367,143.1535
2004-09-30,160.2921,151.7247,157.0006,143.8577,160.0636,150.7823,136.1979,159.5572,159.8024,154.5428,166.3627,131.1142,135.7776,165.6989,173.6939,162.5369,146.495,165.3405,173.6939,159.435,155.3695,130.4467,174.2148,167.5255,146.2821
2004-10-31,160.4165,151.7099,157.5698,143.5156,160.3462,150.3005,136.0221,160.1304,160.0894,155.1222,166.3729,131.9302,136.2004,165.9986,174.4028,162.5644,147.3419,165.3115,174.4028,159.6807,155.3399,131.1693,174.292,167.0043,146.7633
2004-11-30,162.8925,154.0638,160.816,145.2423,163.4254,151.9589,137.8352,163.5535,163.161,157.9639,169.1617,136.2097,138.6296,168.4902,177.6102,164.6134,150.0369,167.4105,177.6102,161.791,157.0641,133.3927,176.6615,168.6922,148.9828
2004-12-31,166.9288,157.6805,165.4599,148.3618,167.1765,155.0149,141.0397,168.1446,166.9351,162.9018,172.4783,139.8765,142.9643,172.7448,182.8574,168.2506,154.5141,170.7274,182.8574,166.1866,161.1004,137.1255,180.5116,172.5901,153.7589
2005-01-31,164.0141,154.7513,163.1899,145.6381,163.0782,152.2172,138.3997,165.465,162.9084,161.7372,168.0009,135.8552,142.1533,170.0687,180.1442,165.5156,152.8065,167.7338,180.1442,163.9374,158.796,136.562,176.8026,169.6488,152.3145
2005-02-28,162.7902,153.3133,162.6864,144.35,160.2469,150.69,137.3805,164.2983,160.1631,163.1341,164.5142,131.4811,143.8311,169.0626,180.0165,163.8481,152.9402,165.6438,180.0165,163.1409,157.7741,137.6099,174.4405,167.651,152.7433
2005-03-31,159.9658,151.046,158.974,142.2619,159.1701,148.4624,135.4523,161.1552,159.0136,157.6328,164.0268,132.0882,138.5668,165.5057,175.5727,160.8973,148.521,163.1425,175.5727,159.2879,154.0581,132.8546,171.9612,165.5588,147.0089
2005-04-30,159.6904,150.1526,160.0876,141.1659,156.7707,147.3303,134.3958,161.4035,156.7303,161.3352,160.6797,128.0102,142.1152,165.9137,177.358,160.3856,149.5515,162.1043,177.358,159.7629,154.5725,135.1012,170.4288,163.6328,150.4864
2005-05-31,161.152,151.1431,163.1646,141.9337,156.1813,147.9779,135.2871,163.7008,156.2621,166.9233,159.0001,126.3003,147.363,167.9758,180.9532,161.4389,152.2446,162.6151,180.9532,161.7968,156.8022,138.9777,170.4182,163.55,155.6573
2005-06-30,159.0568,148.916,161.4452,140.0688,152.5219,145.9283,133.6197,161.4178,152.6647,166.9392,154.8951,121.3377,147.6729,166.5548,179.486,160.0222,151.2111,161.031,179.486,160.6731,155.7467,138.9908,167.4745,161.6898,155.9204
2005-07-31,157.8817,147.4525,160.026,138.9604,150.0566,144.7388,132.5998,159.5569,150.2455,166.9084,152.1288,117.6281,148.084,165.693,178.755,159.0753,150.3106,159.829,178.755,160.0724,155.4941,138.5724,165.5756,160.3903,156.5531
2005-08-31,160.0271,149.3963,161.5774,140.8855,152.3189,146.8312,134.3409,161.3186,152.4879,167.7977,154.5598,119.9782,149.2141,167.7945,180.3008,161.5498,152.3688,162.2228,180.3008,162.5879,158.3559,140.525,167.6252,162.7397,158.4384
2005-09-30,162.3314,151.2076,164.7679,142.3768,153.6368,148.4921,135.6452,164.1213,153.8559,172.3814,155.3794,120.2705,153.4317,170.6058,183.9633,163.848,155.2633,164.3175,183.9633,165.2293,161.1898,143.6962,169.222,163.6156,163.1141
2005-10-31,164.5071,152.8443,167.7701,143.7718,154.5888,150.0874,136.819,166.6471,154.8526,177.0977,155.9677,119.4733,157.5358,173.5403,187.5257,166.3912,158.5223,166.6809,187.5257,167.9762,164.395,147.3539,170.8895,165.1355,167.8547
2005-11-30,163.58,151.6251,167.5526,142.7133,152.1042,148.823,135.9784,165.8882,152.4172,178.6607,152.99,116.1936,159.0749,173.2747,187.7407,165.8402,158.2771,165.7933,187.7407,167.9098,164.8556,147.909,168.1999,164.0497,169.7726
2005-12-31,163.5214,151.5671,166.2989,142.8112,152.7074,148.9915,136.0029,165.1142,152.9684,175.8439,153.9844,117.5857,157.0157,173.3347,186.5939,166.6239,158.0242,166.7152,186.5939,168.4781,165.2334,147.9206,169.4245,165.6321,167.7855
2006-01-31,164.9361,153.4132,168.3247,144.4631,154.8014,150.5042,137.7939,167.3697,155.0489,177.2213,155.8956,120.3043,157.8538,174.3888,188.4005,167.2763,158.0969,167.4823,188.4005,168.9576,165.5329,147.5783,170.9297,166.9047,168.0718
2006-02-28,167.8185,156.1388,173.1385,147.207,155.4587,152.9995,140.7887,171.2065,155.8528,185.2078,155.5859,118.8665,164.7426,177.9612,193.655,169.9123,161.2591,169.6329,193.655,172.2749,169.7096,150.5946,170.9562,168.2939,175.1316
2006-03-31,167.6849,156.0855,173.6325,146.8624,155.6971,152.7478,140.3482,171.7231,156.0841,185.6739,155.5482,119.88,164.7909,177.5284,193.5512,169.2946,160.9194,168.9974,193.5512,171.4732,169.5112,150.0276,170.6797,167.263,175.3069
2006-04-30,167.2594,155.4315,173.5208,145.8043,155.6648,151.8772,139.098,171.7635,156.0614,185.1006,155.3243,120.5042,164.3299,176.8494,192.8925,168.575,161.1003,168.0731,192.8925,170.9028,169.6859,150.1639,170.8742,165.6356,175.1161
2006-05-31,166.4701,154.8325,171.8302,144.8705,156.9956,151.0822,138.0263,170.8062,157.2696,181.1447,157.1321,124.0577,160.7134,175.1018,190.4178,167.1474,160.9806,167.0367,190.4178,168.7566,167.2828,148.9599,172.3499,164.6715,171.5226
2006-06-30,164.3295,153.0761,168.4139,143.3999,156.0822,149.891,136.2698,167.7431,156.3327,176.5429,156.911,122.8656,156.4666,172.2998,186.4868,164.9421,159.0192,165.3258,186.4868,165.6663,163.8672,146.8434,172.0044,162.9581,167.4258
2006-07-31,165.7086,154.3324,170.4386,144.7642,156.2765,150.8146,138.0688,169.3917,156.6098,179.7677,156.7984,121.8648,159.1731,173.9738,189.0724,166.1352,160.0326,166.2238,189.0724,167.5009,165.7016,147.805,171.8952,164.3981,170.1027
2006-08-31,166.2518,154.9245,171.1447,145.4445,156.4986,151.3634,138.876,169.9865,156.874,180.8473,156.9118,121.4474,160.2374,174.839,190.163,166.8996,160.3288,166.8928,190.163,168.5196,166.6176,148.3119,171.8353,165.5333,170.9187
2006-09-30,165.9,154.4933,170.7159,145.0546,155.9818,150.9844,138.4766,169.5589,156.3547,180.3889,156.4326,120.8533,159.8486,174.547,189.4116,166.8692,159.8444,166.9181,189.4116,168.4078,166.3975,148.2125,170.6876,165.3352,170.8638
2006-10-31,164.7711,153.136,170.1204,143.6688,154.0534,149.3182,137.3771,168.8645,154.4338,180.1132,154.2718,119.4783,159.5513,173.7685,188.5764,166.1501,158.6595,165.9684,188.5764,168.1881,166.2468,147.4166,168.2849,164.6125,170.9967
2006-11-30,163.1513,151.7378,168.6048,142.1166,153.2555,147.7733,135.8175,167.6792,153.572,177.4025,153.4284,120.5657,157.1201,171.997,186.7151,164.3697,157.8809,164.1591,186.7151,166.4798,164.4934,146.2049,168.1004,163.3863,168.6403
2006-12-31,162.7475,151.6928,168.3401,142.0122,153.5851,147.5775,135.8073,167.6276,153.8872,176.3885,153.6834,121.8017,156.3677,171.2267,186.3913,163.3403,157.5449,163.0079,186.3913,165.6801,163.8052,145.4768,168.3713,163.204,167.3989
2007-01-31,162.3022,151.6064,168.4009,142.1462,152.775,147.5702,136.0874,167.4917,153.131,177.2134,152.5672,119.556,157.2089,170.9399,186.284,163.0054,156.5194,162.5907,186.284,165.5097,163.694,144.7583,166.8186,163.039,167.7545
2007-02-28,163.7537,153.1331,170.5232,143.6415,153.7448,148.9987,137.6462,169.4604,154.169,180.0111,152.9605,119.1857,160.0013,172.1404,188.2802,163.8238,157.3852,163.3096,188.2802,166.4934,164.8422,145.4866,167.3934,163.7696,169.7559
2007-03-31,163.7211,153.1259,170.8404,143.41,154.0521,148.9384,137.2401,169.8845,154.4878,179.8955,153.0362,119.9603,159.8058,171.9948,188.096,163.6808,157.585,163.1566,188.096,166.3624,164.7449,145.5285,167.5828,163.7692,169.8697
2007-04-30,163.7623,152.5935,171.3244,142.616,153.3205,147.9894,136.6079,170.2221,153.792,181.0489,151.9583,118.5789,160.644,172.0462,188.9804,163.3305,157.5605,162.5626,188.9804,166.4422,165.1275,145.8745,167.1578,163.5111,170.7954
2007-05-31,162.0674,150.6594,169.7283,140.8636,150.7282,146.0085,135.1012,168.4727,151.2387,180.0864,149.0237,115.6661,160.1966,170.6344,187.5816,161.9473,155.6804,160.984,187.5816,165.7034,163.833,144.2489,164.0321,162.3199,170.8017
2007-06-30,159.9989,148.6846,168.4503,139.0328,147.8859,143.9336,133.5305,166.9741,148.4712,179.7525,145.6344,111.8552,160.4572,168.4248,186.001,159.4786,153.131,158.3584,186.001,163.7975,161.3571,141.631,160.1889,159.7252,170.3501
2007-07-31,160.7103,149.4799,169.8894,139.7115,148.3776,144.6291,134.1898,168.4427,149.0323,181.0631,145.5334,111.8129,162.1889,168.6221,186.9804,159.3123,153.3279,158.0414,186.9804,163.7678,161.8258,141.9477,159.9413,159.1921,171.5462
2007-08-31,156.5626,146.0376,164.4151,136.7049,145.7847,141.857,130.9399,163.2927,146.2784,173.9648,143.6282,112.993,155.7195,164.0539,180.1293,155.786,150.3805,154.8807,180.1293,159.2426,157.8571,139.209,157.7627,155.3986,164.7937
2007-09-30,155.4127,144.6969,164.041,135.1075,144.3185,140.1477,129.4642,162.9207,144.8287,173.5612,141.6963,113.0118,155.5018,162.7561,179.1979,154.295,149.6216,153.2123,179.1979,157.7633,157.3226,138.562,156.5512,153.4378,164.5227
2007-10-31,158.2943,146.6279,168.908,136.3134,145.4586,141.1077,130.9277,167.6015,146.0808,179.3976,141.7934,113.7631,160.7932,166.662,184.5142,157.5234,153.0145,155.8851,184.5142,162.0009,161.9836,142.4716,157.9304,156.5343,171.312
2007-11-30,159.2331,147.5306,170.6384,136.6906,146.9357,141.4983,131.2882,169.4604,147.5538,180.6291,142.975,116.7175,161.8026,167.0376,185.6083,157.5308,153.5837,155.8343,185.6083,161.7031,162.8445,142.5754,159.4032,156.6321,171.9267
2007-12-31,159.1102,147.5519,169.9956,137.041,146.6976,141.9639,131.513,168.8329,147.3226,179.8737,142.8467,115.4759,161.3344,167.1696,185.1226,157.9724,153.6423,156.2008,185.1226,162.4294,163.2274,143.0239,159.4137,157.4036,171.6889
2008-01-31,159.2734,147.8834,170.1854,137.424,147.0062,142.4964,131.7328,169.1563,147.5978,179.4921,143.0353,117.7368,161.6126,167.2348,184.5826,158.261,154.9251,156.4009,184.5826,162.7866,163.8937,143.8137,160.0667,157.5453,172.2923
2008-02-29,159.4473,148.1725,170.4924,137.9789,146.5812,142.8906,132.4684,169.3402,147.1837,180.2522,142.3171,117.5741,163.0389,167.3693,184.879,158.2955,155.6208,156.2868,184.879,163.3955,163.8429,144.3606,159.0036,157.7834,173.9416
2008-03-31,159.143,147.5208,169.7378,137.0278,146.8411,141.9974,131.4468,168.9162,147.4303,178.197,142.4521,120.2344,161.6008,166.9573,183.548,158.2199,156.2586,156.2747,183.548,162.8328,164.1652,143.9468,160.1607,157.3586,173.169
2008-04-30,156.144,144.4329,166.8513,134.0309,143.5168,138.66,128.856,165.9917,144.1171,175.3236,139.0246,116.9642,158.6971,164.3463,180.984,155.551,154.829,153.3409,180.984,160.5848,162.5409,142.8656,158.1335,155.7686,170.5346
2008-05-31,153.6565,142.449,165.4464,132.1497,140.8662,136.4703,127.3425,164.3721,141.4636,174.6425,136.1921,114.4206,157.9614,161.4701,179.571,152.0376,152.7358,149.5293,179.571,157.8169,159.7604,140.6392,155.3706,153.3631,168.9076
2008-06-30,148.5096,137.7255,160.9048,127.7224,135.4898,131.6238,123.41,159.5834,136.0758,170.8377,130.7278,109.3451,154.3367,155.4224,174.8864,145.4613,147.5351,142.7098,174.8864,151.9052,153.7729,136.0336,149.0779,147.959,164.1852
2008-07-31,146.9897,136.3361,159.6329,126.4569,133.7611,130.1986,122.3337,158.2463,134.3523,169.7501,128.8182,107.8113,153.5142,153.5847,173.6,143.4324,145.8729,140.5994,173.6,150.0113,152.1136,134.73,146.6699,145.8472,163.1157
2008-08-31,143.6135,133.5198,156.1128,124.2921,130.04,127.8611,120.373,154.493,130.5891,166.9385,125.2623,104.7403,151.315,150.5632,169.9529,140.6838,143.3167,137.8878,169.9529,147.2009,149.2149,132.1276,143.1957,142.9202,160.4858
2008-09-30,137.3532,128.5031,146.4046,120.189,127.129,124.2932,115.6019,145.1984,127.5853,155.3769,123.7828,103.7617,141.4459,143.6773,158.5381,135.7343,136.7676,133.6191,158.5381,140.2247,142.9166,124.9972,141.6371,137.6662,149.5897
2008-10-31,128.2264,121.924,132.9642,114.7332,124.4928,119.8566,108.9205,132.4304,124.8002,139.043,123.7268,104.5606,127.373,131.8745,141.4796,126.3309,124.6036,124.8954,141.4796,129.205,131.4448,113.2218,137.9079,129.3412,131.4115
2008-11-30,127.5375,121.723,132.6516,114.5935,124.283,119.8093,108.6724,132.126,124.5812,138.6601,123.6991,105.4938,127.2559,130.731,140.6369,125.2248,121.8098,123.8342,140.6369,128.3362,129.5255,111.4027,134.8419,127.9933,130.1558
2008-12-31,129.1323,123.3575,132.1435,116.1304,128.3392,121.9822,109.4585,132.1462,128.6407,136.1536,128.4246,110.2618,125.1033,131.4518,139.6224,126.7882,121.2073,125.6358,139.6224,129.2208,130.5316,110.3303,138.6559,130.2958,128.6012
2009-01-31,131.1839,125.0902,135.8917,117.537,128.7638,123.2734,111.0094,135.6883,129.0892,140.7845,128.2078,111.3159,129.3626,134.0539,143.1669,128.8949,124.3481,127.5773,143.1669,131.6322,133.3193,114.0273,138.5865,131.2268,133.6367
2009-02-28,131.355,125.2634,136.13,117.9635,128.2104,123.819,111.2897,135.6921,128.5399,141.8862,127.3485,110.5177,130.9319,134.2204,143.0218,129.1424,125.0305,128.0197,143.0218,131.1031,133.5311,114.7323,138.028,130.1978,135.4478
2009-03-31,135.8494,129.3618,140.4868,121.8452,132.4474,127.9459,114.8805,139.972,132.8031,146.6714,131.3677,112.8448,135.2173,138.8105,148.3071,133.4839,128.5693,132.345,148.3071,135.5693,137.6966,118.2255,141.3263,134.355,139.6498
2009-04-30,137.746,130.6929,143.8572,122.836,132.6125,128.4544,116.4419,143.2606,132.9838,150.4954,131.0797,112.6137,138.1296,141.5999,153.1165,135.4261,131.3307,133.9659,153.1165,138.4717,140.1411,121.6102,141.0388,136.6319,142.4942
2009-05-31,142.5475,134.7853,151.058,126.0631,135.7765,131.5903,119.7785,150.4267,136.2194,158.0907,133.4595,115.5601,144.1315,146.8312,161.0469,139.4951,136.7235,137.6386,161.0469,143.6024,145.0307,127.8705,142.3552,140.3935,148.5281
2009-06-30,147.6897,139.0447,158.3046,129.5231,139.1076,135.0992,123.1858,157.5592,139.6203,166.0928,136.1444,118.4386,150.3632,152.5173,169.0679,144.1358,142.8026,141.9234,169.0679,149.0547,150.6492,134.4715,144.8981,144.5317,155.6161
2009-07-31,149.1663,140.4814,160.2676,130.8396,140.3168,136.4973,124.4097,159.5447,140.8442,168.0048,137.2332,120.0954,152.2079,154.2046,171.0058,145.7052,144.4677,143.4121,171.0058,150.7841,152.4111,136.1088,146.2574,145.8103,157.9996
2009-08-31,151.6935,142.943,164.8808,132.9256,141.7172,138.2966,126.8522,164.0849,142.3231,173.0799,137.897,121.3492,156.8765,156.9558,176.5857,147.2668,148.0758,144.563,176.5857,153.402,154.6734,140.3382,146.972,147.8453,161.1566
2009-09-30,151.1492,142.2645,165.1981,131.8203,141.3009,137.2243,125.7035,164.5154,141.9113,172.8962,137.4164,121.7464,155.7236,156.5405,176.2113,146.7237,148.7555,143.7985,176.2113,153.0621,155.2677,141.2653,147.067,147.6863,161.4845
2009-10-31,151.5516,141.9074,167.5783,130.8364,140.2603,136.0114,125.0154,166.9206,140.9064,175.2888,136.0211,121.1735,156.443,157.8827,179.2839,147.2929,151.3805,143.9225,179.2839,154.4649,157.1855,144.5014,146.5419,148.4312,164.4083
2009-11-30,150.4591,140.1966,166.0181,129.0999,138.6159,134.2681,123.2729,165.4079,139.2581,173.4292,134.4244,119.8075,154.1693,157.1992,177.7784,146.9235,150.7997,143.7604,177.7784,153.3883,156.9232,143.539,145.9408,147.0224,165.1687
2009-12-31,146.2791,136.3081,160.9075,125.8149,134.3983,130.8562,120.1301,160.2841,135.0021,168.3053,130.4599,116.7047,150.2895,153.5436,172.6381,143.7802,148.3919,140.5846,172.6381,150.0472,154.3539,141.1309,144.7695,144.4634,161.8942
2010-01-31,141.4313,132.0223,155.051,122.2124,129.9062,127.1437,116.6456,154.407,130.4608,162.4304,126.2727,113.2375,145.96,148.9055,166.4301,139.7682,144.4775,136.6509,166.4301,145.9238,149.9879,137.7287,140.8764,140.4938,156.6593
2010-02-28,135.7472,127.6225,148.7197,118.6708,125.1061,123.4923,113.2133,148.0851,125.5872,155.7712,121.8756,110.5557,141.4166,143.0574,159.2957,134.4289,139.0399,131.3148,159.2957,140.6663,144.2476,132.798,136.6328,135.7118,149.6802
2010-03-31,133.7413,125.4736,147.4956,116.5316,122.2208,121.0253,111.4819,146.9297,122.7618,153.8178,118.5948,108.0037,140.3807,141.7952,158.9908,132.8053,137.6174,129.617,158.9908,139.1447,142.7839,131.0483,132.9342,133.5745,149.3375
2010-04-30,132.6179,123.9912,146.6613,115.0012,120.344,119.3064,110.1923,146.1024,120.9189,152.8965,116.5656,105.9963,139.5951,141.189,158.9173,131.9564,137.3076,128.7217,158.9173,138.2817,142.1981,130.6411,131.2032,132.593,149.3519
2010-05-31,128.205,120.3638,141.7768,112.0862,116.162,116.4297,107.1911,141.2209,116.6574,147.895,112.7087,103.8409,136.0786,137.059,153.4397,128.3896,134.2001,125.2595,153.4397,134.412,138.494,128.0057,128.8557,128.6085,145.2069
2010-06-30,126.6063,119.0539,140.4232,110.9961,114.3363,115.1921,106.2949,139.8766,114.8299,146.3856,110.8363,102.8165,135.6088,135.6061,152.3844,126.9095,130.9637,123.7396,152.3844,133.1768,136.7328,123.8497,126.7591,126.5924,144.0858
2010-07-31,127.9628,120.3568,142.2254,111.9432,116.0822,116.0816,107.3302,141.7512,116.6102,147.4692,112.4312,103.9898,136.685,136.0454,153.6866,127.069,129.9122,123.8467,153.6866,133.5492,136.7751,122.1117,126.6191,126.7788,144.5473
2010-08-31,127.7243,120.0988,141.7543,111.7541,115.8702,115.8117,107.247,141.3117,116.393,146.6739,112.1311,104.0562,136.3524,136.2044,153.0815,127.5567,130.3226,124.3974,153.0815,133.8601,137.189,122.7558,126.6652,126.8952,144.3917
2010-09-30,128.7057,120.7141,143.4742,112.0139,116.2488,116.0219,107.567,143.0607,116.8118,148.1527,112.3166,104.1584,137.6306,137.4867,155.0282,128.5151,131.8458,125.2485,155.0282,134.8743,138.7391,123.969,126.2945,127.6677,146.6204
2010-10-31,129.4934,121.0512,144.9251,111.7253,117.0999,115.7428,107.2653,144.6252,117.7084,148.6922,113.1492,103.8081,137.1133,137.6054,155.9998,128.2605,131.8005,125.0081,155.9998,134.5742,138.4763,124.0045,123.9956,127.8701,146.7189
2010-11-30,126.0123,117.7978,140.6601,108.8927,113.8936,112.8047,104.5499,140.3432,114.4732,144.4909,110.1895,101.026,133.3237,134.3479,151.5384,125.5088,129.4014,122.4176,151.5384,131.4085,135.4585,122.2659,123.3499,124.9347,142.9377
2010-12-31,124.5032,116.234,139.1981,107.5147,111.7409,111.2991,103.3192,138.8122,112.3086,143.5376,107.9275,99.9756,132.9047,133.4883,150.6216,124.6566,129.0615,121.5056,150.6216,130.4716,135.1893,121.3191,124.4319,123.7079,143.1909
2011-01-31,124.6129,116.5404,139.6665,107.8169,111.8808,111.4047,103.8447,139.2954,112.4604,143.8805,107.8234,100.5346,133.7266,133.3541,151.1792,124.2197,128.9904,120.9306,151.1792,130.4065,134.8823,120.9363,124.6523,123.7555,143.6363
2011-02-28,126.4537,118.3435,141.5817,109.5948,113.591,113.1783,105.6288,141.243,114.2112,145.5743,109.1492,102.2666,135.8214,135.2177,153.1819,125.9749,131.2132,122.6484,153.1819,132.1321,136.9926,123.2001,126.6139,125.3139,145.7771
2011-03-31,126.5273,118.4234,141.9599,109.4497,113.9293,113.0641,105.4511,141.7085,114.5401,145.4427,109.5468,102.4229,135.3511,135.0399,153.1415,125.6372,132.3346,122.1645,153.1415,132.0194,137.1556,124.1362,129.6306,125.5339,145.913
2011-04-30,128.2284,119.3734,145.1659,109.6897,114.2836,113.4332,105.5513,144.9157,114.9445,148.726,109.4578,102.8115,137.4777,137.4441,157.1547,127.2679,135.611,123.4433,157.1547,134.2293,139.9412,126.0368,132.7681,127.4679,150.3915
2011-05-31,125.846,117.2855,141.9129,107.9828,112.5119,111.6405,103.937,141.6841,113.1377,145.284,107.9838,101.3216,134.6421,134.9192,153.4322,125.2743,133.4256,121.5549,153.4322,132.0321,137.6833,124.6257,131.328,125.3419,146.9426
2011-06-30,125.2949,116.7392,141.6888,107.383,111.7714,111.0947,103.2824,141.4435,112.4013,145.1441,107.1482,100.4767,134.6877,134.2098,153.1423,124.3616,133.0038,120.5003,153.1423,131.3462,137.1719,124.2026,129.7014,124.5593,147.1272
2011-07-31,125.5731,116.9653,142.1379,107.7404,111.4563,111.4681,103.6231,141.8768,112.0993,145.6616,106.6334,100.3779,135.834,134.8745,153.9827,124.9047,134.0625,120.8887,153.9827,132.1564,138.1484,124.6362,130.681,125.0226,148.514
2011-08-31,123.5206,115.7066,139.1531,106.985,110.7878,110.5989,102.991,138.9485,111.4054,142.2695,106.0844,100.2426,133.4435,131.8299,149.8604,122.303,131.6546,118.3573,149.8604,129.4039,135.3791,122.3558,130.3225,122.4355,144.6061
2011-09-30,116.6556,110.0411,129.6641,102.4932,106.4278,105.7338,98.9054,129.4608,106.945,132.6258,102.457,97.5921,124.6747,124.0444,138.8184,115.9947,124.0283,112.5452,138.8184,122.2275,127.5948,116.3622,125.4403,115.8683,133.6414
2011-10-31,114.0947,107.7801,127.041,100.2054,104.6322,103.4457,96.624,126.8499,105.1259,129.9139,100.8724,95.8618,121.7369,120.7414,135.508,112.8334,120.0716,109.6361,135.508,118.6645,123.6682,113.0344,120.7875,112.8692,129.9954
2011-11-30,113.0823,106.7449,125.8245,99.2454,103.613,102.4764,95.6729,125.5987,104.0987,128.8863,99.9293,94.8401,120.5932,119.7937,134.248,112.0867,118.575,108.934,134.248,117.8341,122.8132,112.1757,117.7324,111.92,128.9667
2011-12-31,110.4146,104.4832,122.3037,97.5441,101.393,100.5129,94.2511,122.0411,101.8411,125.5043,97.9753,93.2272,117.8648,117.0936,130.6414,109.821,115.6826,106.7733,130.6414,115.413,120.1209,110.0894,114.557,109.548,125.4862
2012-01-31,111.1028,105.026,123.4603,98.2018,101.0356,101.2103,94.8707,123.1373,101.514,126.9787,97.3066,92.9308,120.0844,118.226,132.4747,110.7241,116.192,107.3442,132.4747,117.0736,121.7112,110.9489,112.2494,110.3808,128.0148
2012-02-29,113.8107,107.2848,127.1442,100.1285,102.5693,103.2605,96.6658,126.8251,103.1143,130.6753,98.3007,94.3012,123.9358,121.3881,137.0462,113.2605,119.5256,109.5628,137.0462,120.242,125.2062,113.4979,115.469,113.1363,132.4734
2012-03-31,109.8016,103.6747,121.3513,97.178,99.7079,100.0109,94.0344,121.0488,100.1907,124.7098,95.9374,92.2174,118.2771,117.2838,130.807,109.9396,116.5872,106.4666,130.807,116.4193,121.314,111.0481,116.7968,110.0154,125.9946
2012-04-30,106.9018,101.0259,117.4411,94.8035,97.7444,97.5576,91.7469,117.1836,98.1776,120.5045,94.3974,90.3976,113.8858,113.9759,126.1365,107.2468,113.05,104.0283,126.1365,113.1971,117.8777,108.288,113.7459,107.2072,121.3413
2012-05-31,102.6252,97.5727,111.4322,92.2307,95.0164,94.6722,89.505,111.2004,95.3603,114.2533,92.3943,88.7721,108.1995,109.1339,119.0512,103.3823,108.2581,100.52,119.0512,108.6543,112.847,104.2426,110.6751,103.043,114.4616
2012-06-30,100.2668,95.686,108.4499,90.7689,93.3612,93.0516,88.2098,108.2361,93.6693,111.1015,91.0228,87.6404,105.7004,106.4112,115.7775,100.9878,104.9218,98.2911,115.7775,106.0141,109.7355,100.7579,107.3402,100.5028,110.9407
2012-07-31,100.0954,95.4615,108.2528,90.7504,92.6548,92.8343,88.3925,107.9927,92.9677,111.1474,90.239,87.1979,106.5729,106.5619,116.167,101.0318,105.1555,98.1441,116.167,106.4939,110.2495,100.583,108.0551,100.652,111.3769
2012-08-31,100.4626,95.8719,108.3736,91.3454,92.9826,93.2923,89.1242,108.1149,93.3048,111.2413,90.4627,88.0227,107.0798,106.8878,116.3841,101.3986,105.5053,98.4892,116.3841,106.8768,110.7532,101.4124,108.0589,100.9908,111.6546
2012-09-30,101.5284,96.7326,109.3994,91.9427,94.2462,94.0805,89.5283,109.2136,94.5738,111.8413,91.7289,88.7876,107.2705,107.6843,117.238,102.2093,105.7599,99.4002,117.238,107.4543,111.2697,102.1418,107.634,101.8292,111.8873
2012-10-31,101.8086,96.6279,109.774,91.5361,94.2727,93.8779,88.9172,109.5681,94.5924,112.3822,91.8641,88.4567,107.0408,108.2877,117.6126,102.8682,106.7217,100.0399,117.6126,108.0992,112.1229,103.9815,107.6357,102.7393,112.7086
2012-11-30,100.6503,95.5578,108.3252,90.6363,93.2366,92.9343,88.0673,108.0903,93.5416,111.1057,90.934,87.8609,105.755,107.3264,116.0799,102.1394,106.2202,99.3526,116.0799,107.2647,111.3238,104.0913,107.4422,102.0504,111.5936
2012-12-31,101.38,96.2512,108.8715,91.3392,94.0795,93.6247,88.7825,108.6522,94.3912,111.5644,91.7271,88.7836,106.2155,108.1784,116.7893,102.9884,107.6749,100.1012,116.7893,108.3393,112.4736,105.7565,111.089,103.2615,112.0477
2013-01-31,102.519,97.1568,110.2919,92.2,94.5149,94.3965,89.7379,109.9831,94.8815,113.6144,91.6715,89.2961,108.2672,109.6626,119.1281,104.0179,109.5393,100.9268,119.1281,109.7451,114.2704,106.7989,113.7844,104.602,114.5941
2013-02-28,103.4804,97.8705,111.5937,92.9127,94.5886,95.0041,90.5622,111.1622,95.0,115.7956,91.3379,89.3212,110.2665,110.9573,121.4509,104.7516,111.4065,101.4928,121.4509,110.695,115.8955,108.065,116.1137,105.566,117.4873
2013-03-31,102.6754,97.0322,110.4559,92.3772,93.4164,94.3228,90.1863,109.9537,93.8136,115.1438,90.2471,88.0845,109.7524,110.4445,120.7844,104.3201,110.8867,101.0457,120.7844,110.3123,115.4737,107.7829,115.3106,105.0659,117.1633
2013-04-30,102.1931,96.3981,109.8178,91.6574,92.9575,93.6666,89.4011,109.3107,93.356,114.5381,89.7946,87.3157,109.069,109.8344,120.3026,103.705,109.6862,100.4661,120.3026,109.6609,114.6418,107.367,112.6016,104.5657,116.2834
2013-05-31,101.3135,95.7325,108.3088,91.4183,92.3325,93.2119,89.3865,107.7768,92.7188,113.1799,89.2345,87.2671,107.9957,108.4991,118.6532,102.5596,108.1345,99.4749,118.6532,108.191,112.9623,106.0536,110.7079,103.3448,114.5568
2013-06-30,99.0614,94.5557,105.246,90.7258,92.2884,92.2943,88.9301,104.9241,92.6146,108.5805,89.6913,87.5106,104.5196,104.4582,113.4554,99.2632,102.7754,96.7393,113.4554,103.7621,107.6154,100.9672,105.8634,99.6651,108.1639
2013-07-31,97.2832,93.3838,102.4929,90.31,91.3518,91.552,88.86,102.2245,91.6355,105.4147,89.0776,87.5771,102.0301,102.2517,110.0211,97.733,100.5297,95.4017,110.0211,101.9091,105.2298,99.14,104.3408,98.0186,104.5455
2013-08-31,96.8607,93.7233,101.4441,91.1659,92.2993,92.124,90.0164,101.322,92.5518,103.3477,90.285,89.04,100.9164,101.0269,107.7558,97.0681,99.7069,94.9306,107.7558,100.8895,103.8137,98.1696,105.8235,97.2408,101.8426
2013-09-30,98.9236,95.2113,103.9851,92.1839,93.5402,93.3771,90.7933,103.7773,93.8297,106.4817,91.2406,89.7432,103.4993,103.4763,111.2218,98.9909,101.5626,96.6703,111.2218,103.1454,106.4603,99.8162,106.774,98.9439,105.3208
2013-10-31,100.5266,96.0906,106.6313,92.1303,94.299,93.7583,90.2956,106.3689,94.6312,109.5448,91.7262,89.1464,105.4269,105.6603,114.5832,100.4927,103.7473,97.9416,114.5832,105.0967,108.77,102.0889,107.6827,100.8628,108.7577
2013-11-30,98.5669,94.5567,103.9331,91.0229,93.236,92.4572,89.3794,103.7331,93.5094,106.4128,91.1571,88.6066,102.9032,103.5074,110.9114,99.1166,102.7331,96.8311,110.9114,103.2018,106.4491,101.6289,108.1909,99.4611,105.5179
2013-12-31,101.0294,97.1028,106.0049,93.7137,96.1305,95.0473,92.1577,105.8254,96.3996,108.3768,94.1183,91.2628,105.163,105.6229,112.8816,101.3348,104.562,99.1588,112.8816,105.1938,108.2345,103.6899,109.8301,101.6606,107.002
2014-01-31,108.1811,104.3186,113.1451,101.1794,103.0899,102.2529,99.8455,112.9506,103.3609,115.6756,101.0737,98.489,112.7633,112.7706,120.4315,108.2853,111.2151,106.0972,120.4315,112.0813,115.2819,110.4397,116.535,108.2671,114.1437
2014-02-28,114.7985,111.0405,120.3167,107.8744,109.4959,108.8345,106.6277,120.1363,109.78,122.849,107.3941,104.8711,119.8903,119.3977,127.8554,114.4847,117.2108,112.2582,127.8554,118.2216,121.8319,116.7591,123.9164,114.6281,120.7046
2014-03-31,112.1582,107.8943,118.3834,104.0024,106.405,105.4349,102.3238,118.1232,106.7105,121.3775,104.1468,100.711,117.6093,117.1251,126.4662,111.703,114.7091,109.4124,126.4662,115.5659,119.3787,113.9485,121.5407,112.1434,118.8291
2014-04-30,111.6109,106.3148,118.7947,101.5059,104.4764,103.6029,99.2101,118.3226,104.8171,123.0292,101.9404,97.8399,118.0763,117.517,128.3266,111.2719,114.4452,108.6855,128.3266,115.7971,119.8799,112.6133,120.7251,111.925,120.2022
2014-05-31,109.7969,104.399,116.9769,99.6019,102.3857,101.7299,97.2838,116.4615,102.7216,121.4431,99.8671,95.9574,116.4539,115.7692,126.6551,109.4823,112.6293,106.8598,126.6551,114.1204,118.1334,110.3562,119.1121,110.2662,118.5527
2014-06-30,108.453,103.1377,115.3044,98.6126,100.9754,100.5866,96.4421,114.7604,101.3014,119.9124,98.5054,95.093,115.1146,114.3962,124.9825,108.2512,111.8021,105.5939,124.9825,113.0193,116.879,109.1758,118.58,108.9457,117.3096
2014-07-31,107.0854,101.9759,113.7685,97.7676,99.4982,99.4976,95.8316,113.1996,99.8228,118.5037,96.9994,94.1787,113.7759,113.0085,123.4598,106.8717,111.2155,104.1525,123.4598,111.8024,115.6745,108.1196,119.2279,107.6636,116.0716
2014-08-31,105.6948,101.3115,111.8389,97.8358,98.5897,98.9966,96.4512,111.3115,98.8996,116.2914,96.1458,94.1723,112.0737,111.0373,120.9672,105.2055,109.1323,102.7074,120.9672,109.6316,113.3069,106.0112,117.6027,105.9409,113.3408
2014-09-30,102.4841,98.3564,107.8061,95.38,95.6309,96.3206,94.2262,107.2587,95.9193,112.3168,93.3262,92.1414,108.4991,107.5396,116.6059,102.2081,105.4677,99.9515,116.6059,106.1249,109.4858,102.5728,113.2717,102.8521,109.5993
2014-10-31,98.9685,95.1619,103.6391,92.4254,92.9196,93.3606,91.2785,103.2251,93.1627,107.2881,90.9793,89.8674,103.9253,103.6837,111.1993,99.2292,101.6177,97.2419,111.1993,102.5851,105.5528,99.6122,107.5062,99.6339,105.8099
2014-11-30,95.9984,92.4205,99.7879,90.0517,90.4486,90.907,88.9966,99.3669,90.6698,103.4256,88.7113,87.6939,100.3238,100.643,106.8888,96.8394,99.4593,94.9914,106.8888,99.9461,102.5848,98.0147,104.5092,97.3306,103.0293
2014-12-31,93.0411,89.9449,96.4412,87.8391,88.2356,88.5556,86.9448,96.0556,88.4461,99.7836,86.5789,85.7743,96.9683,97.2035,102.5783,93.8805,96.4808,92.3772,102.5783,96.2037,98.7071,95.493,100.3497,94.1118,99.5778
2015-01-31,91.2707,88.0374,94.7524,86.2432,85.5036,86.8373,85.4915,94.2821,85.6967,98.7573,84.0089,83.3847,95.6658,95.8742,101.5372,92.4408,94.4526,90.931,101.5372,94.7381,97.4269,93.3955,97.8788,92.2439,98.5398
2015-02-28,88.6812,86.2045,91.2635,85.0909,83.7834,85.3838,84.6993,90.8979,83.9294,94.3791,82.6144,82.5381,91.9838,92.5931,96.5781,90.0623,92.58,88.682,96.5781,92.204,94.4012,91.3913,96.9561,89.7248,95.5924
2015-03-31,84.5504,83.2399,85.7643,83.027,81.3526,82.9886,83.0301,85.5498,81.4456,87.5589,80.5452,81.2698,86.3738,87.3783,88.7693,86.2904,89.3187,85.2704,88.7693,87.9361,89.071,87.9909,93.4696,85.8706,90.0745
2015-04-30,84.9043,83.0453,86.5675,82.482,80.9442,82.6641,82.2241,86.2964,81.0625,88.889,79.9767,80.4308,87.3071,88.0801,90.5795,86.4646,88.2386,85.3457,90.5795,88.2692,89.6175,87.7293,92.063,85.8599,90.367
2015-05-31,84.8428,82.9345,86.4023,82.2278,81.1594,82.4526,81.9208,86.1341,81.2771,88.7011,80.2105,80.4701,87.0988,87.6825,90.4215,85.9521,87.4618,84.8296,90.4215,87.7776,89.0836,87.369,91.4613,85.3865,89.6034
2015-06-30,84.0186,82.3396,85.2989,81.7757,80.7429,81.8896,81.6036,85.0284,80.8541,87.6024,79.8374,80.2024,86.0447,86.3259,88.9747,84.6616,85.8474,83.7776,88.9747,85.9915,87.255,85.6999,88.8009,84.1315,87.7702
2015-07-31,82.3393,81.1534,83.2452,80.9912,79.5337,80.9106,81.063,83.0065,79.6274,85.2568,78.7147,79.6355,84.1543,84.1076,86.3589,82.6793,83.9202,82.0138,86.3589,83.5894,84.8042,83.4526,86.1082,82.1497,85.2444
2015-08-31,79.2554,79.0751,79.4111,79.319,78.2359,79.0292,79.6557,79.335,78.2804,80.0544,77.7526,78.928,79.8822,79.6626,80.6913,78.9266,80.5809,78.6078,80.6913,79.293,80.1001,80.0238,81.9641,78.7238,80.0314
2015-09-30,76.1973,76.8954,75.4532,77.4964,77.0227,77.0951,77.9684,75.5887,76.9997,74.3597,77.0109,78.1465,75.2299,75.4152,74.8964,75.6506,77.0689,75.3924,74.8964,76.1536,75.9941,76.9913,78.8488,76.0595,75.2741
2015-10-31,76.093,76.3943,75.6617,76.6518,76.5371,76.4657,76.8662,75.7725,76.5203,74.7821,76.5443,77.0698,75.2953,75.6997,75.3527,75.8693,76.4966,75.4972,75.3527,76.6228,76.2176,76.8611,78.8566,76.3133,75.4012
2015-11-30,75.4344,75.3312,75.4669,75.4177,75.0112,75.3625,75.4793,75.4343,75.0188,75.7202,74.9214,75.2096,75.6522,75.8514,75.8696,75.8236,76.0573,75.5923,75.8696,76.2525,76.166,76.0557,78.192,75.6853,75.8437
2015-12-31,85.1048,85.1395,85.1245,85.1292,85.1768,85.1124,85.1482,85.1398,85.1808,85.0097,85.1457,85.2451,85.0509,85.103,85.0998,85.0984,85.2142,85.0165,85.0998,85.2723,85.1548,85.2507,85.9608,85.108,85.083
2016-01-31,96.0022,96.5039,95.8823,96.6298,96.8191,96.542,96.7291,95.9653,96.8248,95.2477,96.7468,97.1977,95.6769,95.5558,95.1646,95.778,96.104,95.7975,95.1646,95.81,95.515,95.6637,98.2037,95.8601,95.235
2016-02-29,102.4937,103.1478,102.7396,103.3211,103.1628,103.0758,103.5944,102.8036,103.2341,102.2389,102.6314,103.8852,102.7297,101.9437,102.0321,101.8436,102.792,101.8942,102.0321,101.7324,101.7962,101.7076,104.657,101.4774,102.2653
2016-03-31,102.9738,102.8105,104.4709,102.4387,102.1997,102.423,102.4587,104.3074,102.368,105.6722,101.0484,102.2693,105.1944,103.7735,104.9422,103.0957,103.2028,102.9445,104.9422,103.3879,103.3684,102.2297,105.3792,101.6514,104.8749
2016-04-30,97.2908,96.5662,99.6554,95.5274,96.1766,95.8921,95.1317,99.4338,96.3806,101.3253,94.8063,95.6772,100.1749,98.8768,100.4264,97.9686,98.2138,97.6844,100.4264,98.4377,98.7554,97.5278,100.3267,96.3419,100.3308
2016-05-31,91.3316,90.4088,93.7958,89.2047,90.1337,89.688,88.6793,93.5176,90.3454,95.8907,88.721,89.5056,94.3482,92.9065,94.4084,92.0608,91.7661,91.9484,94.4084,92.1442,92.701,91.0434,93.8076,90.1278,94.2796
2016-06-30,89.1734,87.881,92.2424,86.3471,87.518,87.0661,85.587,91.8525,87.783,95.1568,85.789,86.5535,93.2643,91.2681,92.9729,90.3349,89.7221,90.2576,92.9729,90.2448,91.2671,89.1828,91.2186,87.8154,93.0656
2016-07-31,92.6707,90.7746,96.6462,88.9302,89.8195,89.884,87.9354,96.0627,90.1741,100.9881,87.5519,88.4144,98.7434,96.0192,98.1113,94.8871,94.1628,94.732,98.1113,94.7806,96.5542,93.4559,94.9189,91.3118,99.4083
2016-08-31,92.6409,90.785,96.9288,88.9423,89.6034,89.7959,88.0468,96.313,89.9991,101.4927,87.0785,88.3045,99.2732,96.0951,98.5789,94.7368,94.185,94.4878,98.5789,94.7342,96.9689,93.7491,94.2168,91.1044,99.4567
2016-09-30,93.1346,91.2024,97.3703,89.2357,90.2808,90.188,88.2369,96.7714,90.6687,101.8325,87.8099,88.8601,99.434,96.4855,98.7071,95.2719,94.7536,95.1171,98.7071,95.0359,97.3838,94.339,95.1544,91.6365,99.7558
2016-10-31,91.9035,89.2901,96.5421,86.9432,88.339,88.3253,85.5027,95.812,88.7363,101.9001,85.8527,86.2129,98.7845,96.213,98.5419,94.9526,94.4302,94.7575,98.5419,94.7748,97.2514,93.9865,93.7789,90.9907,99.7091
2016-11-30,88.9251,86.33,92.9603,84.0971,85.6697,85.5025,82.6364,92.3471,85.9946,97.5615,83.6632,83.5292,94.5005,93.0955,94.2594,92.447,92.1964,92.4984,94.2594,91.7243,94.315,91.6695,90.8645,88.2924,96.8882
2016-12-31,89.8313,87.0636,93.7041,84.9151,86.2054,86.3668,83.4058,92.9933,86.526,98.937,84.2001,84.0007,95.6135,94.5359,95.4335,94.0412,93.623,94.0731,95.4335,93.3356,96.0206,93.1023,93.2722,89.5079,98.617
2017-01-31,90.5654,87.4819,94.8012,85.2166,86.3092,86.7429,83.6298,93.8386,86.7241,101.6694,83.7201,83.8277,97.2447,95.6994,97.4784,94.7575,94.1594,94.6093,97.4784,94.3387,97.3692,93.8376,93.6285,89.5881,99.7712
2017-02-28,88.7117,85.5779,93.1059,83.3992,84.0284,84.8567,81.8876,92.0849,84.4389,100.307,81.433,81.7049,96.1351,94.1353,96.3652,92.941,92.473,92.4983,96.3652,93.1068,96.1313,92.1721,91.9645,87.9766,98.665
2017-03-31,86.5375,83.5181,91.0186,81.2922,82.089,82.7614,79.7691,90.1086,82.4605,97.5278,79.7564,79.7123,93.3961,91.9064,94.188,90.6494,90.678,90.2065,94.188,90.8025,93.8994,90.2104,91.3804,86.2977,95.5825
2017-04-30,83.6571,80.6056,88.1012,78.2794,79.3946,79.8159,76.6812,87.2945,79.7403,93.9693,77.2689,76.9083,89.871,88.904,91.0621,87.709,87.6551,87.2524,91.0621,87.9699,90.7135,87.1631,87.7449,83.7566,92.8282
2017-05-31,84.1611,81.3833,88.5414,79.0247,80.5467,80.5556,77.434,87.8911,80.8876,93.5335,78.4311,78.1176,89.6111,89.0249,91.1994,87.785,88.3016,87.4059,91.1994,87.8085,90.9197,87.8564,88.064,84.2546,92.6219
2017-06-30,85.0289,82.7479,89.3197,80.5906,81.9904,81.9416,79.2049,88.9413,82.2771,92.8825,80.1156,80.0242,89.501,89.5199,91.4294,88.3947,89.3288,88.0371,91.4294,88.3112,91.6971,89.0508,88.8929,85.1387,93.793
2017-07-31,91.0253,88.5397,95.7368,86.1704,87.7109,87.6105,84.695,95.2131,88.0743,100.1025,85.3243,85.6062,96.3518,95.5021,98.6122,93.79,94.2304,93.3618,98.6122,93.8085,97.3748,94.6189,93.6503,90.6749,99.0935
2017-08-31,92.5099,90.1969,97.3176,87.9143,89.2519,89.2749,86.5269,96.7832,89.6669,101.7675,86.4956,87.4062,98.1209,96.676,100.3488,94.701,94.7547,94.1886,100.3488,94.8652,98.5299,95.5678,93.73,91.6706,100.0347
2017-09-30,90.6977,88.4072,95.2921,86.2048,87.4982,87.5201,84.864,94.7528,87.9167,99.7099,84.7112,85.7381,96.1924,94.6826,98.3612,92.7468,92.3087,92.1917,98.3612,93.0099,96.6034,93.6426,90.8391,89.6913,98.1076
2017-10-31,89.1521,86.685,93.6486,84.3635,85.9735,85.8043,82.8823,93.1219,86.3737,97.9872,83.3291,83.991,94.3062,93.3504,96.4274,91.7083,91.1833,91.3116,96.4274,91.6346,95.2733,92.4392,90.1107,88.5459,96.9986
2017-11-30,87.4873,85.1048,91.8237,82.8289,84.5145,84.2723,81.3425,91.4758,84.8613,95.3677,82.1557,82.6568,91.7687,91.6039,94.1396,90.1802,90.2812,89.9013,94.1396,89.855,93.5185,90.9765,89.482,87.2141,95.9521
2017-12-31,86.9439,84.7799,91.214,82.6042,84.2229,83.9903,81.1808,91.0002,84.5567,94.1912,81.9151,82.5975,90.771,90.9615,93.1794,89.6327,90.6158,89.3061,93.1794,89.3553,93.2719,91.0007,89.8331,86.7935,96.01
2018-01-31,93.3898,91.1966,98.1194,88.9255,90.4317,90.2997,87.524,97.8628,90.843,101.4115,87.6116,88.8686,97.9046,97.4298,100.5583,95.6303,97.3016,94.8829,100.5583,96.2769,100.6775,98.1031,95.9064,92.9169,103.9276
2018-02-28,96.0255,94.4305,100.547,92.5923,93.4039,93.7472,91.4271,100.5094,93.7992,103.0331,90.6455,92.4229,99.9498,99.7194,102.5602,97.981,100.6191,97.2121,102.5602,98.5956,103.3246,100.8293,99.2818,95.219,107.6657
2018-03-31,95.4623,93.9948,100.0024,92.1509,93.0829,93.322,90.9664,100.0824,93.4453,102.0468,90.5008,92.3208,98.9506,99.2903,101.6827,97.6333,101.378,96.9502,101.6827,97.9848,102.8383,100.4506,100.3193,94.9047,107.225
2018-04-30,92.0571,90.7459,95.9665,89.1035,90.099,90.1903,88.0075,96.3179,90.3708,96.9204,88.0347,89.7041,93.9831,96.0644,97.1226,94.8722,99.0919,94.224,97.1226,95.1923,99.8078,97.4984,98.1541,92.0993,104.619
2018-05-31,101.3625,100.5932,104.8977,99.3752,99.8988,100.3994,98.3539,105.5643,100.0938,104.9115,98.2862,99.9023,101.875,105.6852,105.1404,105.2248,107.9623,104.8517,105.1404,104.6921,109.5369,107.5247,106.8607,101.401,114.4206
2018-06-30,109.356,108.6427,112.5127,107.5567,108.1216,108.6033,106.5187,113.3633,108.2728,112.0392,106.7729,108.2891,108.843,113.8724,112.3155,113.7739,116.4237,113.5684,112.3155,112.6316,118.0062,115.9717,115.2845,109.5147,123.2958
2018-07-31,109.4399,108.2721,112.5723,106.8721,108.0673,108.0962,105.6505,113.4189,108.1566,112.1282,107.1422,108.2419,108.7956,114.6085,112.7907,114.5735,117.4929,114.4234,112.7907,113.3055,118.5331,116.5506,116.5432,110.3407,122.9908
2018-08-31,113.2967,112.4067,116.0976,111.3124,112.1312,112.4056,110.2239,117.2276,112.144,114.7173,111.7084,112.5771,111.3225,118.6136,115.6446,119.0025,121.8605,118.9797,115.6446,117.3578,122.589,120.4703,120.997,114.3282,127.5696
2018-09-30,136.6966,136.4983,139.9218,135.3276,136.8334,136.3918,134.2799,141.8166,136.7463,136.3226,136.9053,138.1859,132.6159,143.119,138.209,144.0579,147.8218,144.4234,138.209,141.0678,147.0464,145.2598,146.3385,138.0133,152.2167
2018-10-31,126.6592,124.7354,131.6994,122.2039,124.622,124.1997,120.2376,132.4556,124.7407,132.2895,123.4697,124.1368,127.6155,133.1755,132.2636,133.0142,133.821,133.1195,132.2636,130.9646,136.1578,133.4378,132.2228,127.0744,139.154
2018-11-30,118.7131,116.5016,123.4393,113.916,116.48,115.9787,111.8856,124.076,116.6079,124.2488,115.3382,115.6279,119.6625,124.9397,123.9961,124.7818,125.8191,124.8422,123.9961,122.878,128.1621,125.9052,124.5857,119.3764,132.14
2018-12-31,119.1302,117.4814,123.5341,115.2569,117.5026,117.0295,113.5012,124.4808,117.5725,123.0412,116.7719,116.9839,118.9563,125.301,123.2495,125.4283,127.3879,125.6211,123.2495,123.0775,128.8145,126.7809,126.4044,120.1963,132.9309
2019-01-31,116.3975,114.9985,121.5408,112.9168,114.2332,114.6665,111.1835,122.3462,114.3144,121.6303,113.379,113.7917,117.6713,122.2972,121.7038,122.155,122.3265,122.246,121.7038,120.2175,125.1907,122.5277,121.1674,116.7167,128.6145
2019-02-28,116.3916,115.309,121.4176,113.7122,113.9087,115.2294,112.1953,122.1794,113.9908,121.6569,112.945,113.8298,118.0952,121.9891,121.465,121.8817,121.5414,121.7462,121.465,120.5336,125.5541,122.1807,120.5297,116.3503,129.5127
2019-03-31,119.6339,118.816,123.8938,117.5593,117.6686,118.8135,116.2864,124.8127,117.7059,123.43,116.9564,117.9701,120.0831,124.7819,123.2886,125.0077,124.3501,124.9793,123.2886,123.3397,128.3302,124.9072,123.6755,119.7252,131.4883
2019-04-30,120.0363,119.0486,124.2728,117.607,118.1564,118.9911,116.2161,125.2403,118.1573,123.5958,117.6226,118.6224,120.1369,125.2831,123.6958,125.7296,123.5961,125.7955,123.6958,123.9387,128.2366,125.1242,123.1407,120.344,131.5227
2019-05-31,119.3254,118.4907,123.7885,116.8087,118.0296,118.2259,115.3892,124.8823,117.9982,122.4021,117.6818,118.5442,118.8199,124.1715,122.3435,124.7716,122.024,124.928,122.3435,122.8704,126.5097,123.974,122.0255,119.6823,129.4365
2019-06-30,114.6493,113.4818,119.6398,111.4985,112.8747,113.1376,109.8836,120.6019,112.9153,118.8778,112.1277,112.9109,114.9279,119.229,118.7308,119.3851,117.0076,119.4294,118.7308,117.9875,120.9698,119.1075,116.6914,114.7367,125.2049
2019-07-31,109.7263,108.5148,114.6401,106.8042,107.3532,108.3759,105.2558,115.496,107.399,114.3501,106.5731,107.3855,110.7972,114.338,114.3138,114.284,112.5034,114.1797,114.3138,113.334,116.3748,114.4334,111.5968,109.9654,121.0606
2019-08-31,127.6307,127.2837,133.1595,125.4817,126.5751,126.8477,124.0983,134.4219,126.5527,130.9204,126.1264,127.1316,126.8575,132.2823,130.1221,132.9506,130.2743,133.0763,130.1221,131.0575,134.8808,132.408,130.2085,127.8112,138.0035
2019-09-30,130.596,130.3734,136.1699,128.489,129.9147,129.886,127.0782,137.5685,129.8569,133.1337,129.7164,130.5213,128.9525,135.5085,132.4017,136.626,132.6853,136.8884,132.4017,134.3269,138.1016,135.1941,132.8662,131.3309,140.1727
2019-10-31,129.6761,129.1012,135.4838,126.9161,128.7954,128.5841,125.2705,136.8435,128.7506,132.717,128.5575,129.2668,128.3357,134.541,132.0608,135.5387,131.0458,135.8043,132.0608,133.4049,136.4396,133.9804,131.2181,130.4634,139.1585
2019-11-30,126.8572,127.0367,132.7363,125.082,126.7786,126.4438,123.7028,134.1498,126.6951,129.4564,126.7463,127.5052,125.1206,131.1416,128.7836,132.0239,128.1072,132.2175,128.7836,130.2101,132.8372,130.8299,128.5531,127.8151,134.1748
2019-12-31,123.5103,123.4334,129.2864,121.4826,123.044,122.8963,120.0682,130.6018,122.9793,126.493,122.921,123.6521,122.3828,127.8447,126.1568,128.5512,124.4804,128.7136,126.1568,126.9204,129.2193,127.4943,124.6715,124.4311,131.2489
2020-01-31,120.7414,121.1438,125.8885,119.8006,120.3364,120.7697,118.7602,127.1924,120.2344,122.9783,120.3855,121.2107,119.4863,124.6947,122.6935,125.4335,121.9084,125.54,122.6935,123.8974,126.5608,124.2392,121.9648,121.4466,127.6824
2020-02-29,118.8246,120.0024,122.7782,119.4128,119.1764,119.7713,118.8903,124.1751,118.9825,119.0865,119.7844,120.5753,116.031,122.2003,118.5403,123.482,119.7809,123.6723,118.5403,121.5907,124.7816,121.6851,120.179,119.6008,123.9073
2020-03-31,114.3909,117.2505,117.1444,117.1331,117.8735,116.5983,117.3955,118.9361,117.6184,110.9574,118.8928,119.5182,107.3035,115.1953,111.4355,116.5614,111.4912,117.4571,111.4355,113.2514,117.9207,115.9732,113.7517,113.6772,115.2216
2020-04-30,111.4833,114.8296,112.8826,114.9824,116.5248,114.0621,115.5937,114.9462,116.1654,105.0452,118.338,118.7972,101.3052,111.4903,106.3872,113.3827,111.068,114.9387,106.3872,108.7436,116.0555,116.0412,114.218,111.5507,111.7327
2020-05-31,111.6654,115.5176,112.6044,115.8275,117.7875,114.7233,116.6047,115.0529,117.3501,102.7123,120.2155,120.5987,99.1974,111.3007,105.2782,113.6385,112.1482,115.4221,105.2782,108.3818,117.5824,117.9202,116.376,112.9354,112.7283
2020-06-30,116.5482,119.6425,118.7262,119.205,121.6673,118.6823,119.4482,120.967,121.3545,110.0442,123.3148,123.9614,106.0362,117.2687,112.5997,118.8668,116.1229,120.3216,112.5997,114.2863,122.0396,120.8134,121.0187,117.4089,118.6862
2020-07-31,117.8981,121.6198,119.4484,121.6025,123.9111,120.755,122.1326,121.8565,123.548,109.849,125.7324,126.7665,105.9717,117.5615,113.0056,119.1088,116.2815,120.6344,113.0056,114.3245,122.5988,121.2705,121.9915,118.1781,118.8467
2020-08-31,118.888,123.5331,119.7866,124.0324,126.2237,122.7926,124.9302,122.5589,125.7648,108.573,128.4269,129.9029,105.0363,117.1569,112.3122,118.7881,116.7545,120.4953,112.3122,113.5758,122.7773,122.1508,124.1647,118.8622,118.0514
2020-09-30,119.5881,124.0291,120.4061,124.6296,126.3761,123.4231,125.4896,123.076,125.9005,109.5844,128.6276,129.9681,106.1325,118.0734,113.2741,119.6946,117.2658,121.3054,113.2741,114.6351,123.7261,122.2901,124.5049,119.6975,119.5331
2020-10-31,118.1091,122.8874,118.7882,123.5681,125.525,122.2335,124.5558,121.7393,124.9806,106.8109,128.2323,129.4612,103.5692,116.2719,110.8582,118.1932,116.261,119.9556,110.8582,112.7907,122.6331,121.6527,123.8955,118.7369,117.4772
2020-11-30,119.5561,124.0195,121.2416,124.3171,126.2206,123.2763,125.004,124.0755,125.7392,109.6342,128.608,130.0247,106.2561,118.5203,113.8447,120.1139,117.265,121.602,113.8447,115.2016,124.5264,122.6942,124.3371,120.7593,120.1692
2020-12-31,123.1757,126.9199,125.6652,126.6551,128.9045,126.0808,126.8545,128.1205,128.5478,115.4026,130.6145,132.9376,111.6284,122.9239,119.7573,123.7778,120.1179,124.8283,119.7573,119.6534,128.1381,125.7198,127.1667,124.7927,125.0654
2021-01-31,122.7867,127.436,124.5113,127.8336,129.5879,126.9148,128.4009,127.2868,129.1395,113.0888,131.7032,134.2641,109.5509,121.7427,117.556,123.0892,120.395,124.2764,117.556,118.6249,127.8537,126.1349,127.3025,124.4871,124.8866
2021-02-28,122.337,127.5184,123.4578,128.4975,129.5125,127.2937,129.3718,126.268,129.0356,111.9358,131.7001,134.2314,108.6184,120.9444,116.4068,122.4684,120.2403,123.7068,116.4068,117.8989,127.31,126.0959,126.4245,123.6487,124.7817
2021-03-31,119.0223,124.1789,119.1676,125.4931,126.3932,124.0953,126.5886,121.9032,125.8652,107.9671,128.7764,131.2463,104.7275,117.4466,112.1966,119.4252,117.1493,120.7966,112.1966,114.6477,124.2577,123.4741,122.1303,120.3511,121.6357
2021-04-30,116.7635,121.015,117.0031,121.8331,123.3243,120.77,122.5674,119.5419,122.8259,106.5812,125.6196,127.9947,103.2552,115.9845,111.0409,117.8489,115.4546,119.0908,111.0409,113.3048,122.8172,121.7077,120.3932,118.0289,120.4332
2021-05-31,117.2436,120.6841,117.6804,121.1742,122.7295,120.4678,121.5125,119.8186,122.378,108.8142,124.5408,126.574,105.5759,116.551,113.6111,117.3611,113.7058,118.5211,113.6111,113.1922,121.5753,119.8676,120.1627,116.8504,118.0757
2021-06-30,116.9564,119.5386,117.7441,119.7493,121.0143,119.2816,119.8248,119.4178,120.7743,110.7381,122.3055,124.3095,108.0086,117.1743,116.0623,116.9865,112.4811,118.0952,116.0623,113.1359,120.4492,118.4504,120.0673,116.4918,116.184
2021-07-31,113.7426,116.5029,113.6981,117.1652,117.9809,116.44,117.5383,115.2601,117.6894,107.1012,119.5409,121.2582,104.5539,113.6191,111.9101,113.8568,109.2947,115.2116,111.9101,109.634,116.8078,114.7796,116.792,112.6561,112.5907
2021-08-31,111.9083,115.0266,111.3065,116.105,116.5162,115.1144,116.7837,112.852,116.1984,104.7613,118.2179,120.0806,102.3123,111.2341,109.2286,111.6053,107.8702,113.1055,109.2286,107.1595,114.1418,112.6871,115.9231,110.5157,110.3575
2021-09-30,110.0903,112.9992,109.8037,113.8435,114.4594,112.9253,114.4486,111.3416,114.1459,103.2768,116.1392,117.9394,100.7998,109.7897,107.7553,110.1452,107.0568,111.5802,107.7553,105.8493,112.6849,111.5549,115.226,109.3966,109.4026
2021-10-31,105.6623,108.696,105.1783,109.5675,110.4542,108.5832,110.2666,106.7749,110.074,98.3519,112.459,114.0222,95.4428,105.5525,102.2083,106.6921,103.8465,108.3255,102.2083,101.9825,108.8347,108.4873,110.5598,105.4691,106.1155
2021-11-30,103.8197,106.645,103.3992,107.4788,108.1806,106.5044,108.1743,104.9525,107.7926,96.7975,110.1865,111.9878,93.9686,104.0613,100.6871,105.2685,102.0406,107.0073,100.6871,100.3156,107.2372,106.7035,108.3512,103.4726,104.9597
2021-12-31,101.8214,104.689,101.0687,105.6909,106.2809,104.6389,106.4867,102.6071,105.8465,94.5453,108.5069,110.3819,91.4933,101.872,98.161,103.3372,99.8111,105.2413,98.161,98.0496,104.7862,104.4794,105.8828,100.8111,102.1156
2022-01-31,101.5615,104.2309,101.0332,105.1414,105.539,104.2427,105.7551,102.4847,105.1709,94.916,107.4696,109.2517,92.45,102.0134,98.9743,103.1034,99.0045,104.8309,98.9743,98.2568,104.9427,103.5188,105.0011,101.0606,102.4134
2022-02-28,102.6399,104.7555,102.6592,105.3593,105.4768,104.7451,105.6294,103.9096,105.2498,97.5654,106.631,108.9937,96.3131,103.8734,102.7816,103.904,99.8974,105.3366,102.7816,99.8069,106.4627,104.2409,107.5888,102.3946,102.9364
2022-03-31,101.5293,102.7065,101.4299,103.1381,102.8969,102.7574,103.1332,102.3358,102.7533,98.2026,103.6023,106.0815,98.0952,103.9384,104.5102,103.1839,97.8592,104.4322,104.5102,99.5261,106.3065,101.4833,107.4703,101.6627,102.2224
2022-04-30,100.2126,100.1713,100.5234,99.943,100.0343,100.0136,99.4048,101.0564,99.9802,99.3751,100.228,102.6835,100.4974,104.4125,106.8032,102.683,98.6839,103.7002,106.8032,99.7542,105.9245,102.9119,108.2987,101.6048,100.401
2022-05-31,96.6594,96.3792,97.0702,95.8985,96.4559,95.9821,95.3611,97.6687,96.3275,95.5157,97.0468,98.8429,96.1416,101.4751,102.2971,100.4977,97.4089,101.7313,102.2971,96.9487,103.1963,101.6021,107.5286,98.9445,98.0902
2022-06-30,95.7898,95.504,95.637,95.198,95.7902,95.2349,94.7142,96.2297,95.6364,94.1377,96.5137,98.3987,94.3764,100.5831,100.5477,100.0014,97.3933,101.2614,100.5477,96.3366,102.6962,101.6648,108.9869,98.4222,97.3752
2022-07-31,91.8626,92.4113,90.6458,92.9447,92.9004,92.452,93.1062,91.3312,92.6726,88.5415,94.1353,95.7597,88.3166,95.3889,93.5787,95.7382,92.6118,97.4219,93.5787,90.9928,96.8822,96.949,104.2325,93.9868,91.0247
2022-08-31,91.7003,91.925,90.8136,92.2918,92.0599,92.0114,92.2034,91.4164,91.872,89.1242,93.0743,94.6044,89.4272,95.8292,94.8332,95.7477,93.0854,97.1724,94.8332,91.6061,97.7376,97.0608,105.0047,93.8743,93.2037
2022-09-30,89.2653,89.0123,88.2413,89.1442,89.3099,88.9864,88.927,88.7899,89.0773,86.8801,90.5855,91.7191,86.8676,93.9735,92.301,94.272,91.3468,95.7923,92.301,89.8344,96.1764,95.1326,103.7316,92.4657,91.6864
2022-10-31,88.3619,87.3232,87.7337,86.7253,87.97,86.9576,86.0697,88.2113,87.7032,86.8626,89.4147,90.0034,86.5912,93.691,92.315,93.8623,90.2426,95.4796,92.315,89.186,95.4837,94.247,103.1063,92.0077,90.1777
2022-11-30,90.1082,88.986,90.244,87.8022,90.0258,88.4051,86.7172,90.9105,89.6862,88.3368,91.8788,92.3759,87.5316,95.4935,93.7335,95.7852,93.2949,97.3395,93.7335,91.1323,98.0196,97.4259,106.3911,94.6851,94.2969
2022-12-31,93.2174,92.4539,93.6441,91.3381,93.4136,91.7269,90.4673,94.4607,93.0638,90.9149,95.2866,95.9862,89.8254,98.1812,96.4202,98.4303,96.2312,99.9069,96.4202,93.8496,101.2568,100.3335,109.3567,97.5873,99.0337
2023-01-31,95.1451,94.8758,95.8365,94.0011,95.5647,94.2486,93.2704,96.774,95.2214,92.3477,97.3816,98.0186,91.4684,99.6753,97.9913,99.8822,97.3568,101.3028,97.9913,95.4117,102.8583,101.3822,109.2265,99.154,102.4015
2023-02-28,94.7744,94.267,95.001,93.5307,94.9123,93.8188,92.7583,95.8442,94.5848,92.0593,96.625,97.5328,91.4367,99.556,97.7579,99.8195,97.4477,101.188,97.7579,95.3712,103.2467,101.0871,110.3231,98.9961,103.7379
2023-03-31,93.5968,92.8265,93.7024,91.955,93.5945,92.3612,91.0702,94.5099,93.2533,90.9802,95.3872,96.5561,90.2379,98.5422,96.6288,98.874,96.3767,100.2215,96.6288,94.461,102.3867,99.7871,109.8122,98.3135,102.5185
2023-04-30,93.8191,92.3189,94.5914,90.7321,93.0736,91.6057,89.3784,95.2926,92.7594,92.5346,94.6348,96.0369,92.207,99.6037,98.8653,99.3471,96.265,100.5995,98.8653,95.268,102.5519,99.8256,109.6061,98.7157,102.3394
2023-05-31,93.0554,91.1483,93.9966,89.3267,91.7713,90.416,87.7622,94.6172,91.466,92.4328,93.2749,94.65,92.4163,99.4607,99.0229,99.0704,95.5038,100.2658,99.0229,95.1408,102.2437,99.0105,108.7529,98.3223,102.0673
2023-06-30,93.9703,91.3831,94.9912,89.2325,91.8487,90.6347,87.3559,95.4891,91.5374,94.2787,93.3836,94.7311,94.6998,101.5801,101.6201,100.9765,96.2891,102.1548,101.6201,97.1631,103.8315,99.8848,109.9934,99.9528,103.301
2023-07-31,95.8551,93.173,96.9936,90.8642,93.7339,92.3723,88.8752,97.5012,93.4085,96.2625,95.356,96.7631,96.6932,103.513,103.8964,102.7362,97.4138,103.9721,103.8964,98.8837,105.1493,101.2858,111.1426,101.8612,103.7554
2023-08-31,104.8329,102.2028,105.5766,100.0507,102.9536,101.3864,98.1881,106.1646,102.5863,104.5563,104.8155,106.2572,104.8189,112.6846,112.4393,112.1879,106.3485,113.6781,112.4393,107.7568,114.4378,110.7311,122.0296,111.3212,111.7098
2023-09-30,100.6736,98.0087,101.3537,95.8767,98.7424,97.1758,94.0725,101.8675,98.3971,100.7352,100.4895,101.6866,101.0782,108.8061,108.3659,108.4396,102.7435,109.9402,108.3659,104.099,110.258,107.1172,117.8468,107.3275,106.932
2023-10-31,89.6364,87.171,90.1276,85.1547,88.0864,86.3219,83.5392,90.5839,87.7576,89.6631,89.8033,90.6945,89.5482,96.8551,96.2141,96.6689,91.5542,98.2028,96.2141,92.518,97.6474,95.5833,104.1993,95.3948,94.1729
2023-11-30,83.2033,80.6795,84.3816,78.392,81.2996,79.7811,76.5905,84.7806,81.0006,84.0709,82.8115,83.8342,84.4069,90.604,90.7289,90.0328,85.1653,91.2739,90.7289,86.5198,91.0782,88.8024,95.8383,89.0756,88.2839
2023-12-31,124.8794,121.4146,126.9552,117.9779,122.3686,120.0315,115.3036,127.6326,121.9068,125.9167,124.7313,126.2656,126.4088,135.9248,135.9288,135.1358,128.3768,136.8415,135.9288,130.1261,136.971,133.9927,144.2565,133.8965,132.5643
2024-01-31,132.7858,129.0689,134.7986,125.501,130.0909,127.6342,122.7082,135.4789,129.5972,133.9564,132.6405,134.3314,134.6307,144.7256,144.5977,143.9594,136.6655,145.7799,144.5977,138.6747,145.5652,142.9352,154.2082,142.5817,139.4627
2024-02-29,115.753,112.7125,116.8616,110.0639,113.6352,111.5599,107.9959,117.4066,113.2132,116.4732,115.833,116.9053,117.0748,125.7833,125.5285,125.2038,118.8083,126.9225,125.5285,120.4403,126.0528,124.5972,134.5794,123.7898,119.1015
2024-03-31,105.8804,102.9508,106.7932,100.4172,103.9617,101.8923,98.4096,107.2946,103.5691,106.4273,106.0159,107.2399,106.8861,115.1254,114.7452,114.6637,108.9101,116.2265,114.7452,110.2727,115.6752,114.2033,123.54,113.7177,109.5197
2024-04-30,97.0312,94.1328,97.5366,91.7429,95.3358,93.264,89.725,98.0198,94.9504,97.0937,97.4029,98.7569,97.0338,105.7764,104.4933,105.8716,100.9614,107.3003,104.4933,101.7355,107.3471,105.7814,114.6401,105.287,102.3191
2024-05-31,93.4345,90.556,93.8734,88.1635,91.8441,89.7802,86.0548,94.349,91.4731,93.3924,93.7917,95.5791,93.1734,101.8817,100.5078,102.0287,97.7378,103.3573,100.5078,98.0839,103.695,102.2499,110.3591,101.5976,100.0279
2024-06-30,89.9039,87.5105,89.6451,85.5926,89.2551,86.9885,83.7401,90.1763,88.8824,88.7956,91.2327,92.9133,87.3954,97.0339,94.7342,97.7444,94.4919,99.1104,94.7342,93.6992,99.8446,98.9565,106.7535,97.1226,96.647
2024-07-31,87.8827,85.9548,87.3532,84.3999,87.8711,85.628,82.7429,87.9458,87.4727,86.0501,90.0428,91.8318,83.9694,94.0406,91.206,95.0858,91.9905,96.383,91.206,91.1919,97.2661,96.3979,103.823,94.9474,94.0617
2024-08-31,87.1582,85.8138,86.7843,84.5392,87.7132,85.5597,83.1268,87.4634,87.3241,84.8063,89.8041,91.5066,82.3035,92.1996,89.4294,93.2244,90.3437,94.5363,89.4294,89.306,95.4554,94.6143,101.8412,92.9242,92.6439
2024-09-30,86.0451,84.9338,86.2178,83.5057,86.7229,84.5199,82.0973,86.9504,86.35,83.7498,88.7,90.3726,81.2135,90.7921,88.2872,91.7041,88.5429,93.1005,88.2872,87.7109,93.4352,92.7265,99.2396,91.0572,90.5972
2024-10-31,84.0474,82.7765,84.3172,81.2101,84.4974,82.3456,79.6493,85.0247,84.1315,81.9691,86.47,87.8655,79.5522,89.2056,86.5597,90.215,86.9737,91.624,86.5597,86.2337,91.7918,91.088,97.4263,89.4791,89.0358
2024-11-30,81.7519,80.4256,81.8915,78.8178,82.2862,80.0101,77.1765,82.5829,81.9115,79.659,84.3851,85.2044,76.897,87.002,83.8617,88.318,85.3576,89.7581,83.8617,84.2413,90.0821,89.4834,96.3836,87.5508,87.2907
2024-12-31,79.7951,78.924,80.017,77.503,80.9017,78.6332,75.9563,80.7862,80.4917,77.1533,83.3051,83.7995,73.6836,84.5746,80.6193,86.43,83.4867,87.762,80.6193,82.5089,88.6631,87.5185,95.067,86.121,86.1015
2025-01-31,79.7042,78.7262,79.8722,77.3773,80.5081,78.4329,75.9483,80.6017,80.1147,77.248,82.7624,83.1213,74.3473,84.8316,81.1408,86.5255,83.3936,87.9778,81.1408,82.432,88.4456,87.4267,94.8666,85.8943,85.5857
2025-02-28,81.0444,79.7574,81.4798,78.216,81.1711,79.3249,76.7,82.1673,80.8195,79.0629,83.075,83.5589,77.3295,87.0129,84.1568,88.1666,84.6705,89.6997,84.1568,84.1249,89.2276,88.6271,95.7854,87.1165,87.2802
2025-03-31,80.5051,79.0482,80.7836,77.317,80.7725,78.4888,75.6877,81.4468,80.4323,78.6124,82.6238,83.5242,76.4739,86.1431,83.4162,87.1853,84.3188,88.6484,83.4162,83.3168,88.2287,88.2265,94.9162,86.619,87.0362
2025-04-30,82.3354,80.7099,82.8417,78.4135,82.9596,79.7145,76.5689,83.5425,82.6054,80.594,84.9778,85.7714,77.7649,87.5927,84.8848,88.5938,85.8844,90.1188,84.8848,84.6026,89.5256,90.0283,96.359,88.5232,87.5854
2025-05-31,83.9041,82.2149,84.6816,79.7981,84.2833,81.156,77.8643,85.3956,83.9365,82.3049,86.2381,87.1477,79.9703,89.6111,87.2628,90.3553,87.7076,91.8878,87.2628,86.4709,90.874,91.9383,97.8069,90.3544,89.5234
2025-06-30,86.1289,84.245,87.0076,81.6203,86.3534,83.034,79.5991,87.7044,86.0189,84.7355,88.2228,89.3164,82.7318,92.0983,90.2035,92.5301,89.8601,94.1165,90.2035,88.6215,92.7171,94.2645,99.8424,92.718,91.1783
2025-07-31,91.7766,89.8683,92.5274,87.2243,92.1785,88.689,85.1464,93.2548,91.8122,90.2464,94.2259,95.5773,87.9379,97.9227,95.8649,98.3769,96.0642,99.9604,95.8649,94.4748,98.5412,100.9016,107.8488,99.0972,96.2445
2025-08-31,95.0521,93.0515,95.7141,90.4482,95.3133,91.9244,88.3685,96.423,94.962,93.5213,97.2249,98.8225,91.6959,101.6119,99.7743,101.9029,99.2698,103.5583,99.7743,97.9097,101.8664,104.4067,112.4758,102.462,98.8541
2025-09-30,99.1049,96.8699,100.1709,93.8899,99.0919,95.4996,91.592,100.9044,98.7436,97.8203,100.9754,102.6778,96.4443,106.5671,104.9579,106.6676,103.6821,108.3659,104.9579,102.6471,106.4089,109.198,117.6642,107.3549,103.1418
2025-10-31,98.9004,96.3352,99.9147,93.1813,98.5384,94.8609,90.7548,100.6013,98.1827,97.8112,100.5067,101.8919,96.6178,107.1642,105.3434,107.3846,104.6577,109.0138,105.3434,103.4912,107.1942,110.0904,119.3199,108.1468,104.244
2025-11-30,96.0081,93.3091,97.1875,90.1052,95.2438,91.7939,87.6421,97.8361,94.9178,95.1272,97.0356,98.3199,94.5444,104.8055,103.1195,104.9555,102.5048,106.5114,103.1195,101.2719,104.6807,107.5036,117.1292,105.6105,102.5126
2025-12-31,94.6799,92.507,95.9303,89.5252,94.5502,91.1666,87.1458,96.7129,94.1864,93.3658,96.5641,98.2671,91.6414,102.9252,100.3567,103.5398,102.8441,104.8076,100.3567,100.3211,103.6331,107.7988,117.3036,104.8082,102.5293
2026-01-31,93.5374,91.2424,94.6566,88.4022,93.0429,90.0216,86.0551,95.3649,92.7257,92.2711,94.7452,96.8057,91.4393,102.1644,100.0327,102.5199,102.1751,103.74,100.0327,99.5262,102.3262,106.6465,116.893,103.6278,102.3897
2026-02-28,90.091,87.7592,90.9793,85.1576,89.3317,86.6977,82.9353,91.5774,89.058,88.9326,90.7489,93.2523,88.986,98.4731,97.0481,98.4662,97.8425,99.6192,97.0481,95.7543,97.963,102.2129,111.658,99.4696,98.4278
2026-03-31,86.234,83.9644,86.6676,81.6578,85.5564,83.0624,79.6653,87.1142,85.3182,85.3054,86.759,89.171,85.5345,94.0279,92.7982,94.0401,91.6839,95.4312,92.7982,90.9909,93.1745,96.705,103.8322,94.3974,91.6666
2026-04-30,84.6696,81.9412,85.4661,79.2419,83.3176,80.7058,77.1114,85.7998,83.1195,84.4034,84.2706,86.5734,85.8639,93.207,92.9596,92.7451,89.9707,94.0477,92.9596,89.8947,91.8939,94.9112,101.7941,93.0754,90.4045
2026-05-31,84.3243,81.5662,85.2888,78.81,82.8302,80.27,76.6834,85.6089,82.6482,84.2042,83.6804,85.9906,86.0853,93.06,93.0459,92.4716,89.9627,93.7628,93.0459,89.6545,91.5984,95.0951,101.5281,92.6811,90.0857
2026-06-30,84.9764,82.4133,85.5595,79.9804,83.7456,81.403,77.9385,85.9066,83.5449,84.4716,84.7122,87.081,85.713,93.5934,92.8774,93.3077,91.0896,94.561,92.8774,90.588,92.4114,96.2327,102.8623,93.7774,90.8751
2026-07-31,85.4701,82.8942,85.7013,80.6607,84.2521,82.0435,78.7037,85.9706,84.0629,84.9604,85.1366,87.6996,86.3993,94.0862,93.4556,93.7681,91.288,95.0416,93.4556,91.0573,92.7259,96.722,102.9393,94.3309,90.4918
2026-08-31,85.4418,83.132,85.59,81.0644,84.5764,82.4116,79.1811,85.9287,84.3576,84.6242,85.642,88.5447,85.4014,93.6043,92.6015,93.4435,91.1612,94.5197,92.6015,91.1446,92.5461,96.7295,102.5628,94.4968,90.4743
2026-09-30,86.2042,83.8431,86.3586,81.76,85.2836,83.1054,79.888,86.6805,85.0673,85.4681,86.3273,89.3012,86.4602,94.4046,93.6321,94.1418,91.5427,95.2493,93.6321,91.8046,93.1546,97.4175,102.8118,95.2324,90.5508
